{
  "HVIGOR_OHOS_PLUGIN": {
    "MODULES": [
      {
        "MODULE_NAME": "1043bfc77febe75fafec0c4309faccf1",
        "API_TYPE": "stageMode",
        "INCREMENTAL_TASKS": {
          "COMPILE_ARKTS": false
        }
      }
    ],
    "NATIVE_COMPILER": "Default",
    "BUILD_MODE": "debug",
    "USE_NORMALIZED_OHMURL": true
  },
  "HVIGOR": {
    "IS_INCREMENTAL": true,
    "IS_DAEMON": true,
    "IS_PARALLEL": true,
    "IS_HVIGORFILE_TYPE_CHECK": false,
    "TASK_TIME": {
      "1043bfc77febe75fafec0c4309faccf1": {
        "PreBuild": 104194600,
        "CreateModuleInfo": 858900,
        "GenerateMetadata": 3799900,
        "ConfigureCmake": 323600,
        "MergeProfile": 3449500,
        "CreateBuildProfile": 2392100,
        "PreCheckSyscap": 532400,
        "GeneratePkgContextInfo": 5278100,
        "ProcessIntegratedHsp": 839800,
        "BuildNativeWithCmake": 598600,
        "MakePackInfo": 4677900,
        "SyscapTransform": 1287500,
        "ProcessProfile": 923981000,
        "ProcessRouterMap": 6680800,
        "ProcessStartupConfig": 2090300,
        "BuildNativeWithNinja": 2867700,
        "ProcessResource": 3351600,
        "GenerateLoaderJson": 14695700,
        "ProcessLibs": 5072700,
        "CompileResource": 768651600,
        "DoNativeStrip": 3839800,
        "BuildJS": 1899400,
        "CacheNativeLibs": 733107500,
        "CompileArkTS": 6570961600,
        "GeneratePkgModuleJson": 3813000,
        "PackageHap": 187404100,
        "SignHap": 1554900,
        "CollectDebugSymbol": 1159500,
        "assembleHap": 242300
      }
    },
    "APIS": [
      "getHvigorConfig",
      "getRootNodeDescriptor",
      "getChildNode",
      "getNodeByName",
      "getAllNodes",
      "getRootNode",
      "getNodeName",
      "getStartParams",
      "buildFinished",
      "getNodePath",
      "subNodes",
      "getExtraOption",
      "getExtParam",
      "getExtParams",
      "getProperty",
      "getProperties",
      "getParameter",
      "getProductName",
      "nodesEvaluated",
      "getCommandEntryTask"
    ],
    "CONFIG_PROPERTIES": {
      "enableSignTask": true,
      "skipNativeIncremental": false,
      "hvigor_keepDependency": true
    },
    "BUILD_ID": "202508111610572230",
    "TOTAL_TIME": 10133991400
  }
}