{"CACHE_SYNC_FILE_HASH":{"D:\\HarmoneyProject\\music\\music\\hvigor\\hvigor-config.json5":"22914475f97b95ffeecd925966febcd452b97ecfd829249bc9d46672adde8fed","D:\\HarmoneyProject\\music\\music\\build-profile.json5":"99e2a2500b80a82e15b0389dbe705ff37d3d85e220b7b5f0ca98543aa390a0f6","D:\\HarmoneyProject\\music\\music\\hvigorfile.ts":"0b858139d6483a75a5625b1e8885ca63199fec6fab78b831034ae4f650c02da9","D:\\HarmoneyProject\\music\\music\\oh-package.json5":"f002506b449d17bec30c55f8c49beaa166a45c67c58bb0c09a5672ca4ca774ef","D:\\HarmoneyProject\\music\\music\\entry\\build-profile.json5":"9c0c54832a7439f35cce718221d89e5a01eaeef37b1debfaebd4f941f54bcf74","D:\\HarmoneyProject\\music\\music\\entry\\hvigorfile.ts":"483018e8769b8b8e75b7910e37f29c8b4513efbc4bb1e02aa1fee1e1bc25b584","D:\\HarmoneyProject\\music\\music\\entry\\oh-package.json5":"be5a19625c14f95d94ac8fcd38ec9091e76a06cd888e0aa513fad29fad062eeb","D:\\HarmoneyProject\\music\\music\\.hvigor\\outputs\\sync\\output.json":"ee173eee2772d6329d6e02b6273ed8d75541e002f4c2d2c3ff4698056acb2c96","SDK_LOCATION":"D:/DevEcoStudio/DEStudio/sdk"},"OHPM_INSTALL_FILE_HASH":{"D:\\HarmoneyProject\\music\\music\\oh-package.json5":"f002506b449d17bec30c55f8c49beaa166a45c67c58bb0c09a5672ca4ca774ef","D:\\HarmoneyProject\\music\\music\\oh_modules\\.ohpm\\lock.json5":"370782f05c77973eadc398a90a41475f85780f2e4fbf35c660da65136f5859aa","D:\\HarmoneyProject\\music\\music\\entry\\oh-package.json5":"be5a19625c14f95d94ac8fcd38ec9091e76a06cd888e0aa513fad29fad062eeb","D:\\HarmoneyProject\\music\\music\\oh_modules":true,"D:\\HarmoneyProject\\music\\music\\entry\\oh_modules":false}}