{"D:\\HarmoneyProject\\music\\music\\AppScope\\app.json5":{"hashValue":"ff4aab5cbea21f6d879b2f824159f7e5","name":"app.json5","path":"D:\\HarmoneyProject\\music\\music\\AppScope\\app.json5","type":"file","isSymbolicLink":false,"fileMetaData":{"size":213,"lastModifiedTime":1754899401912}},"D:\\HarmoneyProject\\music\\music\\entry\\src\\main\\module.json5":{"hashValue":"04995d6682cab9d0a175480d8bb868ab","name":"module.json5","path":"D:\\HarmoneyProject\\music\\music\\entry\\src\\main\\module.json5","type":"file","isSymbolicLink":false,"fileMetaData":{"size":1609,"lastModifiedTime":1754899401925}},"D:\\HarmoneyProject\\music\\music\\build-profile.json5":{"hashValue":"739a7220bd02e9095ea7d1036f21ca69","name":"build-profile.json5","path":"D:\\HarmoneyProject\\music\\music\\build-profile.json5","type":"file","isSymbolicLink":false,"fileMetaData":{"size":798,"lastModifiedTime":1754899401915}},"D:\\HarmoneyProject\\music\\music\\entry\\build-profile.json5":{"hashValue":"c8d4f25f615058919b61780dd95bab4a","name":"build-profile.json5","path":"D:\\HarmoneyProject\\music\\music\\entry\\build-profile.json5","type":"file","isSymbolicLink":false,"fileMetaData":{"size":449,"lastModifiedTime":1754899401916}},"D:\\HarmoneyProject\\music\\music\\entry\\src\\main\\resources\\base\\profile\\router_map.json":{"hashValue":"c20157a851942d93ba8b08b000d13572","name":"router_map.json","path":"D:\\HarmoneyProject\\music\\music\\entry\\src\\main\\resources\\base\\profile\\router_map.json","type":"file","isSymbolicLink":false,"fileMetaData":{"size":619,"lastModifiedTime":1754899401954}},"D:\\HarmoneyProject\\music\\music\\entry\\src\\main\\resources\\base\\profile\\main_pages.json":{"hashValue":"060cf2311edd37d710ff0f15c764c119","name":"main_pages.json","path":"D:\\HarmoneyProject\\music\\music\\entry\\src\\main\\resources\\base\\profile\\main_pages.json","type":"file","isSymbolicLink":false,"fileMetaData":{"size":42,"lastModifiedTime":1754899401954}},"D:\\HarmoneyProject\\music\\music\\hvigor\\hvigor-config.json5":{"hashValue":"a1b56f9118d0521bd03399ec4f02e487","name":"hvigor-config.json5","path":"D:\\HarmoneyProject\\music\\music\\hvigor\\hvigor-config.json5","type":"file","isSymbolicLink":false,"fileMetaData":{"size":1467,"lastModifiedTime":1754899401959}},"D:\\HarmoneyProject\\music\\music\\entry\\src\\mock\\mock-config.json5":{"hashValue":"b8b7d7b1f04d81c09534f01df33122d7","name":"mock-config.json5","path":"D:\\HarmoneyProject\\music\\music\\entry\\src\\mock\\mock-config.json5","type":"file","isSymbolicLink":false,"fileMetaData":{"size":4,"lastModifiedTime":1754899401955}},"D:\\HarmoneyProject\\music\\music\\entry\\oh-package.json5":{"hashValue":"3b7641d62519761b22bbccd97aba5f1e","name":"oh-package.json5","path":"D:\\HarmoneyProject\\music\\music\\entry\\oh-package.json5","type":"file","isSymbolicLink":false,"fileMetaData":{"size":183,"lastModifiedTime":1754899401917}},"D:\\HarmoneyProject\\music\\music\\oh-package.json5":{"hashValue":"7a228fb703ff37380707ff9e7d28b2ca","name":"oh-package.json5","path":"D:\\HarmoneyProject\\music\\music\\oh-package.json5","type":"file","isSymbolicLink":false,"fileMetaData":{"size":210,"lastModifiedTime":1754899401959}},"D:\\HarmoneyProject\\music\\music\\entry\\build\\default\\generated\\profile\\default\\ModuleInfo.ts":{"hashValue":"","name":"emptyroot","path":"","type":"unknown","isSymbolicLink":false,"children":[]},"D:\\HarmoneyProject\\music\\music\\entry\\build\\default\\intermediates\\hap_metadata\\default\\output_metadata.json":{"hashValue":"038cb1af9110387d97c369555a313085","name":"output_metadata.json","path":"D:\\HarmoneyProject\\music\\music\\entry\\build\\default\\intermediates\\hap_metadata\\default\\output_metadata.json","type":"file","isSymbolicLink":false,"fileMetaData":{"size":84,"lastModifiedTime":1754899858798}},"D:\\HarmoneyProject\\music\\music\\entry\\build\\default\\intermediates\\merge_profile\\default\\module.json":{"hashValue":"0fadd2fbcfe2eb238cc3730c864e7ca2","name":"module.json","path":"D:\\HarmoneyProject\\music\\music\\entry\\build\\default\\intermediates\\merge_profile\\default\\module.json","type":"file","isSymbolicLink":false,"fileMetaData":{"size":1771,"lastModifiedTime":1754899858804}},"D:\\HarmoneyProject\\music\\music\\entry\\build\\default\\generated\\profile\\default\\BuildProfile.ets":{"hashValue":"89d5d7308b5c55c87bfdfd4158e83612","name":"BuildProfile.ets","path":"D:\\HarmoneyProject\\music\\music\\entry\\build\\default\\generated\\profile\\default\\BuildProfile.ets","type":"file","isSymbolicLink":false,"fileMetaData":{"size":856,"lastModifiedTime":1754899858808}},"D:\\HarmoneyProject\\music\\music\\entry\\build\\default\\intermediates\\loader\\default\\pkgContextInfo.json":{"hashValue":"962058a83cebb594886d17d553b410c6","name":"pkgContextInfo.json","path":"D:\\HarmoneyProject\\music\\music\\entry\\build\\default\\intermediates\\loader\\default\\pkgContextInfo.json","type":"file","isSymbolicLink":false,"fileMetaData":{"size":444,"lastModifiedTime":1754899858817}},"D:\\HarmoneyProject\\music\\music\\build\\cache\\default\\integrated_hsp\\integratedHspCache.json":{"hashValue":"","name":"emptyroot","path":"","type":"unknown","isSymbolicLink":false,"children":[]},"D:\\HarmoneyProject\\music\\music\\entry\\src\\main\\resources\\base\\profile\\backup_config.json":{"hashValue":"6456325713ca22b5562e90e17a537d95","name":"backup_config.json","path":"D:\\HarmoneyProject\\music\\music\\entry\\src\\main\\resources\\base\\profile\\backup_config.json","type":"file","isSymbolicLink":false,"fileMetaData":{"size":36,"lastModifiedTime":1754899401953}},"D:\\HarmoneyProject\\music\\music\\entry\\build\\default\\outputs\\default\\pack.info":{"hashValue":"676c12ea1473d0df2af025465cfbbe3f","name":"pack.info","path":"D:\\HarmoneyProject\\music\\music\\entry\\build\\default\\outputs\\default\\pack.info","type":"file","isSymbolicLink":false,"fileMetaData":{"size":598,"lastModifiedTime":1754899858829}},"D:\\DevEcoStudio\\DEStudio\\sdk\\default\\openharmony\\toolchains\\syscap_tool.exe":{"hashValue":"3d7ca11d34120fe8bc91169c9a864dd3","name":"syscap_tool.exe","path":"D:\\DevEcoStudio\\DEStudio\\sdk\\default\\openharmony\\toolchains\\syscap_tool.exe","type":"file","isSymbolicLink":false,"fileMetaData":{"size":365440,"lastModifiedTime":1751107187000}},"D:\\DevEcoStudio\\DEStudio\\sdk\\default\\openharmony\\ets\\api\\device-define":{"hashValue":"ccc660b53f0c78447227baa35fef56cf","name":"device-define","path":"D:\\DevEcoStudio\\DEStudio\\sdk\\default\\openharmony\\ets\\api\\device-define","type":"directory","isSymbolicLink":false,"children":[{"hashValue":"50fa517ecf6210f0e2e30d3c458899da","name":"default.json","path":"D:\\DevEcoStudio\\DEStudio\\sdk\\default\\openharmony\\ets\\api\\device-define\\default.json","type":"file","isSymbolicLink":false,"fileMetaData":{"size":12435,"lastModifiedTime":1751107187000}},{"hashValue":"b19518828f0f3d36d30ead2d562fd7f9","name":"liteWearable.json","path":"D:\\DevEcoStudio\\DEStudio\\sdk\\default\\openharmony\\ets\\api\\device-define\\liteWearable.json","type":"file","isSymbolicLink":false,"fileMetaData":{"size":949,"lastModifiedTime":1751107187000}},{"hashValue":"40c179db4bfc164ef1fb1efdb3046f52","name":"tablet.json","path":"D:\\DevEcoStudio\\DEStudio\\sdk\\default\\openharmony\\ets\\api\\device-define\\tablet.json","type":"file","isSymbolicLink":false,"fileMetaData":{"size":11948,"lastModifiedTime":1751107187000}},{"hashValue":"3b3a7528e6bf95209f7d6653bb74d884","name":"tv.json","path":"D:\\DevEcoStudio\\DEStudio\\sdk\\default\\openharmony\\ets\\api\\device-define\\tv.json","type":"file","isSymbolicLink":false,"fileMetaData":{"size":10671,"lastModifiedTime":1751107187000}},{"hashValue":"0fe3a34d01d2b9bcad3d6c52e99e00d0","name":"wearable.json","path":"D:\\DevEcoStudio\\DEStudio\\sdk\\default\\openharmony\\ets\\api\\device-define\\wearable.json","type":"file","isSymbolicLink":false,"fileMetaData":{"size":10768,"lastModifiedTime":1751107187000}}]},"D:\\HarmoneyProject\\music\\music\\entry\\build\\default\\intermediates\\syscap\\default\\rpcid.sc":{"hashValue":"","name":"emptyroot","path":"","type":"unknown","isSymbolicLink":false,"children":[]},"D:\\HarmoneyProject\\music\\music\\entry\\build\\default\\intermediates\\process_profile\\default\\module.json":{"hashValue":"bdfefbf0b69c22d918ebfba1bfb64e08","name":"module.json","path":"D:\\HarmoneyProject\\music\\music\\entry\\build\\default\\intermediates\\process_profile\\default\\module.json","type":"file","isSymbolicLink":false,"fileMetaData":{"size":1857,"lastModifiedTime":1754899859757}},"D:\\HarmoneyProject\\music\\music\\entry\\build\\default\\intermediates\\router_map\\default\\router_map.json":{"hashValue":"700a26ef8ab79c13e7fe1bace977fbff","name":"router_map.json","path":"D:\\HarmoneyProject\\music\\music\\entry\\build\\default\\intermediates\\router_map\\default\\router_map.json","type":"file","isSymbolicLink":false,"fileMetaData":{"size":914,"lastModifiedTime":1754899859764}},"D:\\HarmoneyProject\\music\\music\\entry\\build\\default\\intermediates\\router_map\\default\\loader-router-map.json":{"hashValue":"83f2e666ee09a9beb43d82d28403b794","name":"loader-router-map.json","path":"D:\\HarmoneyProject\\music\\music\\entry\\build\\default\\intermediates\\router_map\\default\\loader-router-map.json","type":"file","isSymbolicLink":false,"fileMetaData":{"size":608,"lastModifiedTime":1754899859765}},"D:\\HarmoneyProject\\music\\music\\entry\\build\\default\\intermediates\\startup\\default\\startup_config.json":{"hashValue":"","name":"emptyroot","path":"","type":"unknown","isSymbolicLink":false,"children":[]},"D:\\HarmoneyProject\\music\\music\\entry\\build\\default\\intermediates\\res\\default\\resConfig.json":{"hashValue":"8f188ca16786af0e4575b40919a767c0","name":"resConfig.json","path":"D:\\HarmoneyProject\\music\\music\\entry\\build\\default\\intermediates\\res\\default\\resConfig.json","type":"file","isSymbolicLink":false,"fileMetaData":{"size":1040,"lastModifiedTime":1754899859777}},"D:\\HarmoneyProject\\music\\music\\entry\\build\\default\\intermediates\\res\\default\\opt-compression.json":{"hashValue":"da5d7b846ab56b005e5c8f4b2cb8037e","name":"opt-compression.json","path":"D:\\HarmoneyProject\\music\\music\\entry\\build\\default\\intermediates\\res\\default\\opt-compression.json","type":"file","isSymbolicLink":false,"fileMetaData":{"size":181,"lastModifiedTime":1754899859777}},"D:\\HarmoneyProject\\music\\music\\entry\\build\\default\\intermediates\\loader\\default\\loader.json":{"hashValue":"6b3bd94b5e44463043400bcab24d6c48","name":"loader.json","path":"D:\\HarmoneyProject\\music\\music\\entry\\build\\default\\intermediates\\loader\\default\\loader.json","type":"file","isSymbolicLink":false,"fileMetaData":{"size":1890,"lastModifiedTime":1754899859792}},"D:\\HarmoneyProject\\music\\music\\entry\\build\\default\\intermediates\\libs\\default":{"hashValue":"","name":"default","path":"D:\\HarmoneyProject\\music\\music\\entry\\build\\default\\intermediates\\libs\\default","type":"directory","isSymbolicLink":false,"children":[]},"D:\\HarmoneyProject\\music\\music\\entry\\src\\main\\resources":{"hashValue":"9c9600b7ac64546f88b05f7ea2cbceb5","name":"resources","path":"D:\\HarmoneyProject\\music\\music\\entry\\src\\main\\resources","type":"directory","isSymbolicLink":false,"children":[{"hashValue":"684a51845794215981a71cead715ba86","name":"base","path":"D:\\HarmoneyProject\\music\\music\\entry\\src\\main\\resources\\base","type":"directory","isSymbolicLink":false,"children":[{"hashValue":"ba5dba81e6b0d2a02f2070ad90a26d74","name":"element","path":"D:\\HarmoneyProject\\music\\music\\entry\\src\\main\\resources\\base\\element","type":"directory","isSymbolicLink":false,"children":[{"hashValue":"77b34bc89cb173d2984c76ab4bce79d2","name":"color.json","path":"D:\\HarmoneyProject\\music\\music\\entry\\src\\main\\resources\\base\\element\\color.json","type":"file","isSymbolicLink":false,"fileMetaData":{"size":105,"lastModifiedTime":1754899401926}},{"hashValue":"421ff81a59651026e228e8369083046e","name":"float.json","path":"D:\\HarmoneyProject\\music\\music\\entry\\src\\main\\resources\\base\\element\\float.json","type":"file","isSymbolicLink":false,"fileMetaData":{"size":100,"lastModifiedTime":1754899401927}},{"hashValue":"04a69e7eb9aed07f5935b8a618c01380","name":"string.json","path":"D:\\HarmoneyProject\\music\\music\\entry\\src\\main\\resources\\base\\element\\string.json","type":"file","isSymbolicLink":false,"fileMetaData":{"size":263,"lastModifiedTime":1754899401927}}]},{"hashValue":"b9d4bef531cb8594bbfa9d6487ac83ab","name":"media","path":"D:\\HarmoneyProject\\music\\music\\entry\\src\\main\\resources\\base\\media","type":"directory","isSymbolicLink":false,"children":[{"hashValue":"c08373be2bd2ac8cc22f2ce3dde45ae3","name":"3.jpg","path":"D:\\HarmoneyProject\\music\\music\\entry\\src\\main\\resources\\base\\media\\3.jpg","type":"file","isSymbolicLink":false,"fileMetaData":{"size":17350,"lastModifiedTime":1754899401928}},{"hashValue":"c709c2ef1b36e9cd72ac5788beeac8cb","name":"ad.jpg","path":"D:\\HarmoneyProject\\music\\music\\entry\\src\\main\\resources\\base\\media\\ad.jpg","type":"file","isSymbolicLink":false,"fileMetaData":{"size":1188645,"lastModifiedTime":1754899401935}},{"hashValue":"6e7d8b8c6e68fc8ffeef9ae0fce5760a","name":"airplane_fill.svg","path":"D:\\HarmoneyProject\\music\\music\\entry\\src\\main\\resources\\base\\media\\airplane_fill.svg","type":"file","isSymbolicLink":false,"fileMetaData":{"size":827,"lastModifiedTime":1754899401936}},{"hashValue":"44605cba06e3b177a2f79b1b530eec1c","name":"background.png","path":"D:\\HarmoneyProject\\music\\music\\entry\\src\\main\\resources\\base\\media\\background.png","type":"file","isSymbolicLink":false,"fileMetaData":{"size":57364,"lastModifiedTime":1754899401937}},{"hashValue":"73bba15ed6bda113aaf5d661cca9cef2","name":"bg_mine.png","path":"D:\\HarmoneyProject\\music\\music\\entry\\src\\main\\resources\\base\\media\\bg_mine.png","type":"file","isSymbolicLink":false,"fileMetaData":{"size":34180,"lastModifiedTime":1754899401940}},{"hashValue":"50a4a13797b84222a03b61558ff27e50","name":"foreground.png","path":"D:\\HarmoneyProject\\music\\music\\entry\\src\\main\\resources\\base\\media\\foreground.png","type":"file","isSymbolicLink":false,"fileMetaData":{"size":8805,"lastModifiedTime":1754899401940}},{"hashValue":"17ef6c2d6ffeba5d7b490d80c8a9b031","name":"ic_auto.svg","path":"D:\\HarmoneyProject\\music\\music\\entry\\src\\main\\resources\\base\\media\\ic_auto.svg","type":"file","isSymbolicLink":false,"fileMetaData":{"size":1743,"lastModifiedTime":1754899401940}},{"hashValue":"85ccc12e71a5226cfd0051ff2c5854e4","name":"ic_back.svg","path":"D:\\HarmoneyProject\\music\\music\\entry\\src\\main\\resources\\base\\media\\ic_back.svg","type":"file","isSymbolicLink":false,"fileMetaData":{"size":979,"lastModifiedTime":1754899401940}},{"hashValue":"8d4d598054e5ab620cc0c304cd0a3b2a","name":"ic_bells_o.svg","path":"D:\\HarmoneyProject\\music\\music\\entry\\src\\main\\resources\\base\\media\\ic_bells_o.svg","type":"file","isSymbolicLink":false,"fileMetaData":{"size":16153,"lastModifiedTime":1754899401940}},{"hashValue":"78fbd344414d30cf7e60dc3f2cbf70b0","name":"ic_boy.svg","path":"D:\\HarmoneyProject\\music\\music\\entry\\src\\main\\resources\\base\\media\\ic_boy.svg","type":"file","isSymbolicLink":false,"fileMetaData":{"size":3876,"lastModifiedTime":1754899401941}},{"hashValue":"a856c413aa7390e60b96a33cc539f60b","name":"ic_cd.png","path":"D:\\HarmoneyProject\\music\\music\\entry\\src\\main\\resources\\base\\media\\ic_cd.png","type":"file","isSymbolicLink":false,"fileMetaData":{"size":26788,"lastModifiedTime":1754899401941}},{"hashValue":"e1ddc2920ecf807bce2376ffa3de3e1d","name":"ic_close.svg","path":"D:\\HarmoneyProject\\music\\music\\entry\\src\\main\\resources\\base\\media\\ic_close.svg","type":"file","isSymbolicLink":false,"fileMetaData":{"size":518,"lastModifiedTime":1754899401941}},{"hashValue":"bbca64889b0151ab456b1c16692a92ea","name":"ic_code.svg","path":"D:\\HarmoneyProject\\music\\music\\entry\\src\\main\\resources\\base\\media\\ic_code.svg","type":"file","isSymbolicLink":false,"fileMetaData":{"size":3267,"lastModifiedTime":1754899401942}},{"hashValue":"077116198e29df280b05f921b1826db5","name":"ic_collect.svg","path":"D:\\HarmoneyProject\\music\\music\\entry\\src\\main\\resources\\base\\media\\ic_collect.svg","type":"file","isSymbolicLink":false,"fileMetaData":{"size":1271,"lastModifiedTime":1754899401942}},{"hashValue":"d76b3092fd3a2df1f04d0b0733f07df2","name":"ic_comment_o.svg","path":"D:\\HarmoneyProject\\music\\music\\entry\\src\\main\\resources\\base\\media\\ic_comment_o.svg","type":"file","isSymbolicLink":false,"fileMetaData":{"size":2875,"lastModifiedTime":1754899401942}},{"hashValue":"43f6b1640aa13f62031caf3afb2abc7f","name":"ic_comment.svg","path":"D:\\HarmoneyProject\\music\\music\\entry\\src\\main\\resources\\base\\media\\ic_comment.svg","type":"file","isSymbolicLink":false,"fileMetaData":{"size":1019,"lastModifiedTime":1754899401942}},{"hashValue":"fd819e2fa83bb9ec710ebd295c5c6031","name":"ic_download_o.svg","path":"D:\\HarmoneyProject\\music\\music\\entry\\src\\main\\resources\\base\\media\\ic_download_o.svg","type":"file","isSymbolicLink":false,"fileMetaData":{"size":1607,"lastModifiedTime":1754899401943}},{"hashValue":"e2dea52dc2393dac9b338600a89cb5ff","name":"ic_download.svg","path":"D:\\HarmoneyProject\\music\\music\\entry\\src\\main\\resources\\base\\media\\ic_download.svg","type":"file","isSymbolicLink":false,"fileMetaData":{"size":1607,"lastModifiedTime":1754899401942}},{"hashValue":"e62983bfc85740dd46c0c7f66bb71264","name":"ic_favorite.svg","path":"D:\\HarmoneyProject\\music\\music\\entry\\src\\main\\resources\\base\\media\\ic_favorite.svg","type":"file","isSymbolicLink":false,"fileMetaData":{"size":4953,"lastModifiedTime":1754899401943}},{"hashValue":"568cbb1df67c04569c74bf62c54045fa","name":"ic_find.svg","path":"D:\\HarmoneyProject\\music\\music\\entry\\src\\main\\resources\\base\\media\\ic_find.svg","type":"file","isSymbolicLink":false,"fileMetaData":{"size":2655,"lastModifiedTime":1754899401943}},{"hashValue":"e3bcdefd56b4272105589d62b9e33a50","name":"ic_find1.svg","path":"D:\\HarmoneyProject\\music\\music\\entry\\src\\main\\resources\\base\\media\\ic_find1.svg","type":"file","isSymbolicLink":false,"fileMetaData":{"size":2655,"lastModifiedTime":1754899401943}},{"hashValue":"aeef90f737a336add6f08f1d14d76760","name":"ic_girl.svg","path":"D:\\HarmoneyProject\\music\\music\\entry\\src\\main\\resources\\base\\media\\ic_girl.svg","type":"file","isSymbolicLink":false,"fileMetaData":{"size":3456,"lastModifiedTime":1754899401943}},{"hashValue":"36f4e45afc69f622e5a688ccb66d16be","name":"ic_like.svg","path":"D:\\HarmoneyProject\\music\\music\\entry\\src\\main\\resources\\base\\media\\ic_like.svg","type":"file","isSymbolicLink":false,"fileMetaData":{"size":1900,"lastModifiedTime":1754899401943}},{"hashValue":"0b68e13b25623dfcac3074adc5d6731c","name":"ic_list.svg","path":"D:\\HarmoneyProject\\music\\music\\entry\\src\\main\\resources\\base\\media\\ic_list.svg","type":"file","isSymbolicLink":false,"fileMetaData":{"size":1700,"lastModifiedTime":1754899401943}},{"hashValue":"f0c062c2aea169dda7948f3aff8a971e","name":"ic_logo.svg","path":"D:\\HarmoneyProject\\music\\music\\entry\\src\\main\\resources\\base\\media\\ic_logo.svg","type":"file","isSymbolicLink":false,"fileMetaData":{"size":1899,"lastModifiedTime":1754899401945}},{"hashValue":"bb6269dd6fe1dbfa920065c90e085ced","name":"ic_mine.svg","path":"D:\\HarmoneyProject\\music\\music\\entry\\src\\main\\resources\\base\\media\\ic_mine.svg","type":"file","isSymbolicLink":false,"fileMetaData":{"size":1496,"lastModifiedTime":1754899401945}},{"hashValue":"9080452baa9644fb7ede6b5d097a4863","name":"ic_moment.svg","path":"D:\\HarmoneyProject\\music\\music\\entry\\src\\main\\resources\\base\\media\\ic_moment.svg","type":"file","isSymbolicLink":false,"fileMetaData":{"size":1589,"lastModifiedTime":1754899401946}},{"hashValue":"df83d63f0d48625ca13496dd9c5a3e80","name":"ic_more.svg","path":"D:\\HarmoneyProject\\music\\music\\entry\\src\\main\\resources\\base\\media\\ic_more.svg","type":"file","isSymbolicLink":false,"fileMetaData":{"size":646,"lastModifiedTime":1754899401946}},{"hashValue":"aac954f2dd38f560c32dcb798705af27","name":"ic_more1.svg","path":"D:\\HarmoneyProject\\music\\music\\entry\\src\\main\\resources\\base\\media\\ic_more1.svg","type":"file","isSymbolicLink":false,"fileMetaData":{"size":646,"lastModifiedTime":1754899401947}},{"hashValue":"5d0fc5a67a40bc754d861ebdbcf43916","name":"ic_music.svg","path":"D:\\HarmoneyProject\\music\\music\\entry\\src\\main\\resources\\base\\media\\ic_music.svg","type":"file","isSymbolicLink":false,"fileMetaData":{"size":3410,"lastModifiedTime":1754899401947}},{"hashValue":"390a6c83f1f8983acce5d62ae9b4582e","name":"ic_next.svg","path":"D:\\HarmoneyProject\\music\\music\\entry\\src\\main\\resources\\base\\media\\ic_next.svg","type":"file","isSymbolicLink":false,"fileMetaData":{"size":894,"lastModifiedTime":1754899401947}},{"hashValue":"57cc7066c9afee19caacaa5096088577","name":"ic_paused.svg","path":"D:\\HarmoneyProject\\music\\music\\entry\\src\\main\\resources\\base\\media\\ic_paused.svg","type":"file","isSymbolicLink":false,"fileMetaData":{"size":591,"lastModifiedTime":1754899401947}},{"hashValue":"f5e7c3e12f119c7e1777c525ecf078b0","name":"ic_play.svg","path":"D:\\HarmoneyProject\\music\\music\\entry\\src\\main\\resources\\base\\media\\ic_play.svg","type":"file","isSymbolicLink":false,"fileMetaData":{"size":761,"lastModifiedTime":1754899401947}},{"hashValue":"c9201bfa2d540cc81a4aafe62aebeb67","name":"ic_playing.gif","path":"D:\\HarmoneyProject\\music\\music\\entry\\src\\main\\resources\\base\\media\\ic_playing.gif","type":"file","isSymbolicLink":false,"fileMetaData":{"size":67317,"lastModifiedTime":1754899401948}},{"hashValue":"4f5b7180e91b75ff75a67a48b5a9475a","name":"ic_prev.svg","path":"D:\\HarmoneyProject\\music\\music\\entry\\src\\main\\resources\\base\\media\\ic_prev.svg","type":"file","isSymbolicLink":false,"fileMetaData":{"size":893,"lastModifiedTime":1754899401948}},{"hashValue":"a88bf78e7da7441dd19ea9815bffdc28","name":"ic_random.svg","path":"D:\\HarmoneyProject\\music\\music\\entry\\src\\main\\resources\\base\\media\\ic_random.svg","type":"file","isSymbolicLink":false,"fileMetaData":{"size":1514,"lastModifiedTime":1754899401948}},{"hashValue":"aac3693f5f3141e2d1d93d7094a3911f","name":"ic_recommend.svg","path":"D:\\HarmoneyProject\\music\\music\\entry\\src\\main\\resources\\base\\media\\ic_recommend.svg","type":"file","isSymbolicLink":false,"fileMetaData":{"size":2520,"lastModifiedTime":1754899401949}},{"hashValue":"be69700ed0116bb2eaa86369e25a433c","name":"ic_recommend1.svg","path":"D:\\HarmoneyProject\\music\\music\\entry\\src\\main\\resources\\base\\media\\ic_recommend1.svg","type":"file","isSymbolicLink":false,"fileMetaData":{"size":2520,"lastModifiedTime":1754899401949}},{"hashValue":"ed8e5599e30dd41361b865cc8b8d6e7c","name":"ic_repeat.svg","path":"D:\\HarmoneyProject\\music\\music\\entry\\src\\main\\resources\\base\\media\\ic_repeat.svg","type":"file","isSymbolicLink":false,"fileMetaData":{"size":1314,"lastModifiedTime":1754899401949}},{"hashValue":"1447af770a8511c2cc1a3680869502bf","name":"ic_search.svg","path":"D:\\HarmoneyProject\\music\\music\\entry\\src\\main\\resources\\base\\media\\ic_search.svg","type":"file","isSymbolicLink":false,"fileMetaData":{"size":1816,"lastModifiedTime":1754899401949}},{"hashValue":"56c5ad4bc47b81bdcebd25e9ef88a014","name":"ic_share.svg","path":"D:\\HarmoneyProject\\music\\music\\entry\\src\\main\\resources\\base\\media\\ic_share.svg","type":"file","isSymbolicLink":false,"fileMetaData":{"size":981,"lastModifiedTime":1754899401950}},{"hashValue":"a0c61700a1c03b37d69f3debecc3cbfa","name":"ic_single_play.svg","path":"D:\\HarmoneyProject\\music\\music\\entry\\src\\main\\resources\\base\\media\\ic_single_play.svg","type":"file","isSymbolicLink":false,"fileMetaData":{"size":1741,"lastModifiedTime":1754899401950}},{"hashValue":"326d577a34ee418d7fef167949d75612","name":"ic_song_list.svg","path":"D:\\HarmoneyProject\\music\\music\\entry\\src\\main\\resources\\base\\media\\ic_song_list.svg","type":"file","isSymbolicLink":false,"fileMetaData":{"size":1267,"lastModifiedTime":1754899401950}},{"hashValue":"fe85ed040bf956ff946c382f5960ef16","name":"ic_stylus.png","path":"D:\\HarmoneyProject\\music\\music\\entry\\src\\main\\resources\\base\\media\\ic_stylus.png","type":"file","isSymbolicLink":false,"fileMetaData":{"size":55484,"lastModifiedTime":1754899401951}},{"hashValue":"361f356c76430be24e2130237fdd8152","name":"ic_vip.png","path":"D:\\HarmoneyProject\\music\\music\\entry\\src\\main\\resources\\base\\media\\ic_vip.png","type":"file","isSymbolicLink":false,"fileMetaData":{"size":5791,"lastModifiedTime":1754899401951}},{"hashValue":"de60f1bcfadd2dcf6253eb90ed4f6f52","name":"ic_widget.png","path":"D:\\HarmoneyProject\\music\\music\\entry\\src\\main\\resources\\base\\media\\ic_widget.png","type":"file","isSymbolicLink":false,"fileMetaData":{"size":5831,"lastModifiedTime":1754899401952}},{"hashValue":"e36ec39d2e18f59f293bc36701e452a3","name":"icon.png","path":"D:\\HarmoneyProject\\music\\music\\entry\\src\\main\\resources\\base\\media\\icon.png","type":"file","isSymbolicLink":false,"fileMetaData":{"size":6790,"lastModifiedTime":1754899401952}},{"hashValue":"6d5c05f79b7143b2fffa2f5e81a8f63e","name":"layered_image.json","path":"D:\\HarmoneyProject\\music\\music\\entry\\src\\main\\resources\\base\\media\\layered_image.json","type":"file","isSymbolicLink":false,"fileMetaData":{"size":115,"lastModifiedTime":1754899401952}},{"hashValue":"83a816fc8d6502d2643ce305acd71bd2","name":"logo.png","path":"D:\\HarmoneyProject\\music\\music\\entry\\src\\main\\resources\\base\\media\\logo.png","type":"file","isSymbolicLink":false,"fileMetaData":{"size":26320,"lastModifiedTime":1754899401952}},{"hashValue":"d0f98ec78270c9b2381b372ec9d9f156","name":"product.jpg","path":"D:\\HarmoneyProject\\music\\music\\entry\\src\\main\\resources\\base\\media\\product.jpg","type":"file","isSymbolicLink":false,"fileMetaData":{"size":44678,"lastModifiedTime":1754899401953}},{"hashValue":"bf340de545688d264f4e13056f6e9dd4","name":"startIcon.png","path":"D:\\HarmoneyProject\\music\\music\\entry\\src\\main\\resources\\base\\media\\startIcon.png","type":"file","isSymbolicLink":false,"fileMetaData":{"size":20093,"lastModifiedTime":1754899401953}},{"hashValue":"4cbf093f8241a0be27fc22c12049d305","name":"wave.gif","path":"D:\\HarmoneyProject\\music\\music\\entry\\src\\main\\resources\\base\\media\\wave.gif","type":"file","isSymbolicLink":false,"fileMetaData":{"size":622,"lastModifiedTime":1754899401953}},{"hashValue":"9462a11084695f447842d379bcb02341","name":"wave1.gif","path":"D:\\HarmoneyProject\\music\\music\\entry\\src\\main\\resources\\base\\media\\wave1.gif","type":"file","isSymbolicLink":false,"fileMetaData":{"size":622,"lastModifiedTime":1754899401953}}]},{"hashValue":"28e0ebf987e3578854e33e96f8784f47","name":"profile","path":"D:\\HarmoneyProject\\music\\music\\entry\\src\\main\\resources\\base\\profile","type":"directory","isSymbolicLink":false,"children":[{"hashValue":"6456325713ca22b5562e90e17a537d95","name":"backup_config.json","path":"D:\\HarmoneyProject\\music\\music\\entry\\src\\main\\resources\\base\\profile\\backup_config.json","type":"file","isSymbolicLink":false,"fileMetaData":{"size":36,"lastModifiedTime":1754899401953}},{"hashValue":"060cf2311edd37d710ff0f15c764c119","name":"main_pages.json","path":"D:\\HarmoneyProject\\music\\music\\entry\\src\\main\\resources\\base\\profile\\main_pages.json","type":"file","isSymbolicLink":false,"fileMetaData":{"size":42,"lastModifiedTime":1754899401954}},{"hashValue":"c20157a851942d93ba8b08b000d13572","name":"router_map.json","path":"D:\\HarmoneyProject\\music\\music\\entry\\src\\main\\resources\\base\\profile\\router_map.json","type":"file","isSymbolicLink":false,"fileMetaData":{"size":619,"lastModifiedTime":1754899401954}}]}]},{"hashValue":"27258c142be8e611aa658ced40bf8fed","name":"dark","path":"D:\\HarmoneyProject\\music\\music\\entry\\src\\main\\resources\\dark","type":"directory","isSymbolicLink":false,"children":[{"hashValue":"9a3dbbd0f6fcd2526f074411503d84a8","name":"element","path":"D:\\HarmoneyProject\\music\\music\\entry\\src\\main\\resources\\dark\\element","type":"directory","isSymbolicLink":false,"children":[{"hashValue":"18600db5e0d34689bdcf93f67e02436f","name":"color.json","path":"D:\\HarmoneyProject\\music\\music\\entry\\src\\main\\resources\\dark\\element\\color.json","type":"file","isSymbolicLink":false,"fileMetaData":{"size":105,"lastModifiedTime":1754899401955}}]}]}]},"D:\\HarmoneyProject\\music\\music\\AppScope\\resources":{"hashValue":"1c1aa5f273a6a14959f820eaca4a15d8","name":"resources","path":"D:\\HarmoneyProject\\music\\music\\AppScope\\resources","type":"directory","isSymbolicLink":false,"children":[{"hashValue":"659feefe9ef8f38e970056233e282853","name":"base","path":"D:\\HarmoneyProject\\music\\music\\AppScope\\resources\\base","type":"directory","isSymbolicLink":false,"children":[{"hashValue":"befb6a61a058e56772cf62a83437e179","name":"element","path":"D:\\HarmoneyProject\\music\\music\\AppScope\\resources\\base\\element","type":"directory","isSymbolicLink":false,"children":[{"hashValue":"27a61b5eac2a3fb77d302d2612dc2b43","name":"string.json","path":"D:\\HarmoneyProject\\music\\music\\AppScope\\resources\\base\\element\\string.json","type":"file","isSymbolicLink":false,"fileMetaData":{"size":91,"lastModifiedTime":1754899401913}}]},{"hashValue":"59bd74bd9b75789b5bcad84fc7310dd1","name":"media","path":"D:\\HarmoneyProject\\music\\music\\AppScope\\resources\\base\\media","type":"directory","isSymbolicLink":false,"children":[{"hashValue":"92c9de111c712905c75157535e37b44e","name":"background.png","path":"D:\\HarmoneyProject\\music\\music\\AppScope\\resources\\base\\media\\background.png","type":"file","isSymbolicLink":false,"fileMetaData":{"size":91942,"lastModifiedTime":1754899401914}},{"hashValue":"474358d8b4586762966869696db4d0a2","name":"foreground.png","path":"D:\\HarmoneyProject\\music\\music\\AppScope\\resources\\base\\media\\foreground.png","type":"file","isSymbolicLink":false,"fileMetaData":{"size":15325,"lastModifiedTime":1754899401915}},{"hashValue":"b1eda67924386ba77709c81e92a27127","name":"layered_image.json","path":"D:\\HarmoneyProject\\music\\music\\AppScope\\resources\\base\\media\\layered_image.json","type":"file","isSymbolicLink":false,"fileMetaData":{"size":115,"lastModifiedTime":1754899401915}}]}]}]},"D:\\HarmoneyProject\\music\\music\\entry\\build\\default\\intermediates\\res\\default":{"hashValue":"47a5ca6bf23a85faaae48aa7a30501e5","name":"default","path":"D:\\HarmoneyProject\\music\\music\\entry\\build\\default\\intermediates\\res\\default","type":"directory","isSymbolicLink":false,"children":[{"hashValue":"63f54dfae2f51fce2736563b6c31fdad","name":".caches","path":"D:\\HarmoneyProject\\music\\music\\entry\\build\\default\\intermediates\\res\\default\\.caches","type":"directory","isSymbolicLink":false,"children":[{"hashValue":"c5594a993922e6454d7ae9d5bcc1f015","name":"base","path":"D:\\HarmoneyProject\\music\\music\\entry\\build\\default\\intermediates\\res\\default\\.caches\\base","type":"directory","isSymbolicLink":false,"children":[{"hashValue":"e01ad687c8e920117062acf4ab62cab8","name":"media","path":"D:\\HarmoneyProject\\music\\music\\entry\\build\\default\\intermediates\\res\\default\\.caches\\base\\media","type":"directory","isSymbolicLink":false,"children":[{"hashValue":"97afcca2602825036a8493ac02675522","name":"background.png","path":"D:\\HarmoneyProject\\music\\music\\entry\\build\\default\\intermediates\\res\\default\\.caches\\base\\media\\background.png","type":"file","isSymbolicLink":false,"fileMetaData":{"size":70283,"lastModifiedTime":1754899860474}},{"hashValue":"a19ed71a4a58c1b32853a2c77819b309","name":"foreground.png","path":"D:\\HarmoneyProject\\music\\music\\entry\\build\\default\\intermediates\\res\\default\\.caches\\base\\media\\foreground.png","type":"file","isSymbolicLink":false,"fileMetaData":{"size":13086,"lastModifiedTime":1754899860506}}]}]}]},{"hashValue":"44a68c58755b078f8c2e23cfe6e1b3cc","name":"ark_module.json","path":"D:\\HarmoneyProject\\music\\music\\entry\\build\\default\\intermediates\\res\\default\\ark_module.json","type":"file","isSymbolicLink":false,"fileMetaData":{"size":1464,"lastModifiedTime":1754899859756}},{"hashValue":"9fc75d76aa8b82a6e75e8f7195686339","name":"ids_map","path":"D:\\HarmoneyProject\\music\\music\\entry\\build\\default\\intermediates\\res\\default\\ids_map","type":"directory","isSymbolicLink":false,"children":[{"hashValue":"6373c9f891b2877c12590cdd99a1d403","name":"id_defined.json","path":"D:\\HarmoneyProject\\music\\music\\entry\\build\\default\\intermediates\\res\\default\\ids_map\\id_defined.json","type":"file","isSymbolicLink":false,"fileMetaData":{"size":4560,"lastModifiedTime":1754899860509}}]},{"hashValue":"cfc4ee4df590a7e5715342b98a0c2e36","name":"module.json","path":"D:\\HarmoneyProject\\music\\music\\entry\\build\\default\\intermediates\\res\\default\\module.json","type":"file","isSymbolicLink":false,"fileMetaData":{"size":1674,"lastModifiedTime":1754899860570}},{"hashValue":"da5d7b846ab56b005e5c8f4b2cb8037e","name":"opt-compression.json","path":"D:\\HarmoneyProject\\music\\music\\entry\\build\\default\\intermediates\\res\\default\\opt-compression.json","type":"file","isSymbolicLink":false,"fileMetaData":{"size":181,"lastModifiedTime":1754899859777}},{"hashValue":"8f188ca16786af0e4575b40919a767c0","name":"resConfig.json","path":"D:\\HarmoneyProject\\music\\music\\entry\\build\\default\\intermediates\\res\\default\\resConfig.json","type":"file","isSymbolicLink":false,"fileMetaData":{"size":1040,"lastModifiedTime":1754899859777}},{"hashValue":"7016afc0e962668214f261220969719c","name":"resources","path":"D:\\HarmoneyProject\\music\\music\\entry\\build\\default\\intermediates\\res\\default\\resources","type":"directory","isSymbolicLink":false,"children":[{"hashValue":"b184683974113f6d994e146fcf91adb5","name":"base","path":"D:\\HarmoneyProject\\music\\music\\entry\\build\\default\\intermediates\\res\\default\\resources\\base","type":"directory","isSymbolicLink":false,"children":[{"hashValue":"c1a170fe810c0ee17718f95d2a992c56","name":"media","path":"D:\\HarmoneyProject\\music\\music\\entry\\build\\default\\intermediates\\res\\default\\resources\\base\\media","type":"directory","isSymbolicLink":false,"children":[{"hashValue":"c08373be2bd2ac8cc22f2ce3dde45ae3","name":"3.jpg","path":"D:\\HarmoneyProject\\music\\music\\entry\\build\\default\\intermediates\\res\\default\\resources\\base\\media\\3.jpg","type":"file","isSymbolicLink":false,"fileMetaData":{"size":17350,"lastModifiedTime":1754899401928}},{"hashValue":"c709c2ef1b36e9cd72ac5788beeac8cb","name":"ad.jpg","path":"D:\\HarmoneyProject\\music\\music\\entry\\build\\default\\intermediates\\res\\default\\resources\\base\\media\\ad.jpg","type":"file","isSymbolicLink":false,"fileMetaData":{"size":1188645,"lastModifiedTime":1754899401935}},{"hashValue":"6e7d8b8c6e68fc8ffeef9ae0fce5760a","name":"airplane_fill.svg","path":"D:\\HarmoneyProject\\music\\music\\entry\\build\\default\\intermediates\\res\\default\\resources\\base\\media\\airplane_fill.svg","type":"file","isSymbolicLink":false,"fileMetaData":{"size":827,"lastModifiedTime":1754899401936}},{"hashValue":"97afcca2602825036a8493ac02675522","name":"background.png","path":"D:\\HarmoneyProject\\music\\music\\entry\\build\\default\\intermediates\\res\\default\\resources\\base\\media\\background.png","type":"file","isSymbolicLink":false,"fileMetaData":{"size":70283,"lastModifiedTime":1754899860474}},{"hashValue":"73bba15ed6bda113aaf5d661cca9cef2","name":"bg_mine.png","path":"D:\\HarmoneyProject\\music\\music\\entry\\build\\default\\intermediates\\res\\default\\resources\\base\\media\\bg_mine.png","type":"file","isSymbolicLink":false,"fileMetaData":{"size":34180,"lastModifiedTime":1754899401940}},{"hashValue":"a19ed71a4a58c1b32853a2c77819b309","name":"foreground.png","path":"D:\\HarmoneyProject\\music\\music\\entry\\build\\default\\intermediates\\res\\default\\resources\\base\\media\\foreground.png","type":"file","isSymbolicLink":false,"fileMetaData":{"size":13086,"lastModifiedTime":1754899860506}},{"hashValue":"17ef6c2d6ffeba5d7b490d80c8a9b031","name":"ic_auto.svg","path":"D:\\HarmoneyProject\\music\\music\\entry\\build\\default\\intermediates\\res\\default\\resources\\base\\media\\ic_auto.svg","type":"file","isSymbolicLink":false,"fileMetaData":{"size":1743,"lastModifiedTime":1754899401940}},{"hashValue":"85ccc12e71a5226cfd0051ff2c5854e4","name":"ic_back.svg","path":"D:\\HarmoneyProject\\music\\music\\entry\\build\\default\\intermediates\\res\\default\\resources\\base\\media\\ic_back.svg","type":"file","isSymbolicLink":false,"fileMetaData":{"size":979,"lastModifiedTime":1754899401940}},{"hashValue":"8d4d598054e5ab620cc0c304cd0a3b2a","name":"ic_bells_o.svg","path":"D:\\HarmoneyProject\\music\\music\\entry\\build\\default\\intermediates\\res\\default\\resources\\base\\media\\ic_bells_o.svg","type":"file","isSymbolicLink":false,"fileMetaData":{"size":16153,"lastModifiedTime":1754899401940}},{"hashValue":"78fbd344414d30cf7e60dc3f2cbf70b0","name":"ic_boy.svg","path":"D:\\HarmoneyProject\\music\\music\\entry\\build\\default\\intermediates\\res\\default\\resources\\base\\media\\ic_boy.svg","type":"file","isSymbolicLink":false,"fileMetaData":{"size":3876,"lastModifiedTime":1754899401941}},{"hashValue":"a856c413aa7390e60b96a33cc539f60b","name":"ic_cd.png","path":"D:\\HarmoneyProject\\music\\music\\entry\\build\\default\\intermediates\\res\\default\\resources\\base\\media\\ic_cd.png","type":"file","isSymbolicLink":false,"fileMetaData":{"size":26788,"lastModifiedTime":1754899401941}},{"hashValue":"e1ddc2920ecf807bce2376ffa3de3e1d","name":"ic_close.svg","path":"D:\\HarmoneyProject\\music\\music\\entry\\build\\default\\intermediates\\res\\default\\resources\\base\\media\\ic_close.svg","type":"file","isSymbolicLink":false,"fileMetaData":{"size":518,"lastModifiedTime":1754899401941}},{"hashValue":"bbca64889b0151ab456b1c16692a92ea","name":"ic_code.svg","path":"D:\\HarmoneyProject\\music\\music\\entry\\build\\default\\intermediates\\res\\default\\resources\\base\\media\\ic_code.svg","type":"file","isSymbolicLink":false,"fileMetaData":{"size":3267,"lastModifiedTime":1754899401942}},{"hashValue":"077116198e29df280b05f921b1826db5","name":"ic_collect.svg","path":"D:\\HarmoneyProject\\music\\music\\entry\\build\\default\\intermediates\\res\\default\\resources\\base\\media\\ic_collect.svg","type":"file","isSymbolicLink":false,"fileMetaData":{"size":1271,"lastModifiedTime":1754899401942}},{"hashValue":"d76b3092fd3a2df1f04d0b0733f07df2","name":"ic_comment_o.svg","path":"D:\\HarmoneyProject\\music\\music\\entry\\build\\default\\intermediates\\res\\default\\resources\\base\\media\\ic_comment_o.svg","type":"file","isSymbolicLink":false,"fileMetaData":{"size":2875,"lastModifiedTime":1754899401942}},{"hashValue":"43f6b1640aa13f62031caf3afb2abc7f","name":"ic_comment.svg","path":"D:\\HarmoneyProject\\music\\music\\entry\\build\\default\\intermediates\\res\\default\\resources\\base\\media\\ic_comment.svg","type":"file","isSymbolicLink":false,"fileMetaData":{"size":1019,"lastModifiedTime":1754899401942}},{"hashValue":"fd819e2fa83bb9ec710ebd295c5c6031","name":"ic_download_o.svg","path":"D:\\HarmoneyProject\\music\\music\\entry\\build\\default\\intermediates\\res\\default\\resources\\base\\media\\ic_download_o.svg","type":"file","isSymbolicLink":false,"fileMetaData":{"size":1607,"lastModifiedTime":1754899401943}},{"hashValue":"e2dea52dc2393dac9b338600a89cb5ff","name":"ic_download.svg","path":"D:\\HarmoneyProject\\music\\music\\entry\\build\\default\\intermediates\\res\\default\\resources\\base\\media\\ic_download.svg","type":"file","isSymbolicLink":false,"fileMetaData":{"size":1607,"lastModifiedTime":1754899401942}},{"hashValue":"e62983bfc85740dd46c0c7f66bb71264","name":"ic_favorite.svg","path":"D:\\HarmoneyProject\\music\\music\\entry\\build\\default\\intermediates\\res\\default\\resources\\base\\media\\ic_favorite.svg","type":"file","isSymbolicLink":false,"fileMetaData":{"size":4953,"lastModifiedTime":1754899401943}},{"hashValue":"568cbb1df67c04569c74bf62c54045fa","name":"ic_find.svg","path":"D:\\HarmoneyProject\\music\\music\\entry\\build\\default\\intermediates\\res\\default\\resources\\base\\media\\ic_find.svg","type":"file","isSymbolicLink":false,"fileMetaData":{"size":2655,"lastModifiedTime":1754899401943}},{"hashValue":"e3bcdefd56b4272105589d62b9e33a50","name":"ic_find1.svg","path":"D:\\HarmoneyProject\\music\\music\\entry\\build\\default\\intermediates\\res\\default\\resources\\base\\media\\ic_find1.svg","type":"file","isSymbolicLink":false,"fileMetaData":{"size":2655,"lastModifiedTime":1754899401943}},{"hashValue":"aeef90f737a336add6f08f1d14d76760","name":"ic_girl.svg","path":"D:\\HarmoneyProject\\music\\music\\entry\\build\\default\\intermediates\\res\\default\\resources\\base\\media\\ic_girl.svg","type":"file","isSymbolicLink":false,"fileMetaData":{"size":3456,"lastModifiedTime":1754899401943}},{"hashValue":"36f4e45afc69f622e5a688ccb66d16be","name":"ic_like.svg","path":"D:\\HarmoneyProject\\music\\music\\entry\\build\\default\\intermediates\\res\\default\\resources\\base\\media\\ic_like.svg","type":"file","isSymbolicLink":false,"fileMetaData":{"size":1900,"lastModifiedTime":1754899401943}},{"hashValue":"0b68e13b25623dfcac3074adc5d6731c","name":"ic_list.svg","path":"D:\\HarmoneyProject\\music\\music\\entry\\build\\default\\intermediates\\res\\default\\resources\\base\\media\\ic_list.svg","type":"file","isSymbolicLink":false,"fileMetaData":{"size":1700,"lastModifiedTime":1754899401943}},{"hashValue":"f0c062c2aea169dda7948f3aff8a971e","name":"ic_logo.svg","path":"D:\\HarmoneyProject\\music\\music\\entry\\build\\default\\intermediates\\res\\default\\resources\\base\\media\\ic_logo.svg","type":"file","isSymbolicLink":false,"fileMetaData":{"size":1899,"lastModifiedTime":1754899401945}},{"hashValue":"bb6269dd6fe1dbfa920065c90e085ced","name":"ic_mine.svg","path":"D:\\HarmoneyProject\\music\\music\\entry\\build\\default\\intermediates\\res\\default\\resources\\base\\media\\ic_mine.svg","type":"file","isSymbolicLink":false,"fileMetaData":{"size":1496,"lastModifiedTime":1754899401945}},{"hashValue":"9080452baa9644fb7ede6b5d097a4863","name":"ic_moment.svg","path":"D:\\HarmoneyProject\\music\\music\\entry\\build\\default\\intermediates\\res\\default\\resources\\base\\media\\ic_moment.svg","type":"file","isSymbolicLink":false,"fileMetaData":{"size":1589,"lastModifiedTime":1754899401946}},{"hashValue":"df83d63f0d48625ca13496dd9c5a3e80","name":"ic_more.svg","path":"D:\\HarmoneyProject\\music\\music\\entry\\build\\default\\intermediates\\res\\default\\resources\\base\\media\\ic_more.svg","type":"file","isSymbolicLink":false,"fileMetaData":{"size":646,"lastModifiedTime":1754899401946}},{"hashValue":"aac954f2dd38f560c32dcb798705af27","name":"ic_more1.svg","path":"D:\\HarmoneyProject\\music\\music\\entry\\build\\default\\intermediates\\res\\default\\resources\\base\\media\\ic_more1.svg","type":"file","isSymbolicLink":false,"fileMetaData":{"size":646,"lastModifiedTime":1754899401947}},{"hashValue":"5d0fc5a67a40bc754d861ebdbcf43916","name":"ic_music.svg","path":"D:\\HarmoneyProject\\music\\music\\entry\\build\\default\\intermediates\\res\\default\\resources\\base\\media\\ic_music.svg","type":"file","isSymbolicLink":false,"fileMetaData":{"size":3410,"lastModifiedTime":1754899401947}},{"hashValue":"390a6c83f1f8983acce5d62ae9b4582e","name":"ic_next.svg","path":"D:\\HarmoneyProject\\music\\music\\entry\\build\\default\\intermediates\\res\\default\\resources\\base\\media\\ic_next.svg","type":"file","isSymbolicLink":false,"fileMetaData":{"size":894,"lastModifiedTime":1754899401947}},{"hashValue":"57cc7066c9afee19caacaa5096088577","name":"ic_paused.svg","path":"D:\\HarmoneyProject\\music\\music\\entry\\build\\default\\intermediates\\res\\default\\resources\\base\\media\\ic_paused.svg","type":"file","isSymbolicLink":false,"fileMetaData":{"size":591,"lastModifiedTime":1754899401947}},{"hashValue":"f5e7c3e12f119c7e1777c525ecf078b0","name":"ic_play.svg","path":"D:\\HarmoneyProject\\music\\music\\entry\\build\\default\\intermediates\\res\\default\\resources\\base\\media\\ic_play.svg","type":"file","isSymbolicLink":false,"fileMetaData":{"size":761,"lastModifiedTime":1754899401947}},{"hashValue":"c9201bfa2d540cc81a4aafe62aebeb67","name":"ic_playing.gif","path":"D:\\HarmoneyProject\\music\\music\\entry\\build\\default\\intermediates\\res\\default\\resources\\base\\media\\ic_playing.gif","type":"file","isSymbolicLink":false,"fileMetaData":{"size":67317,"lastModifiedTime":1754899401948}},{"hashValue":"4f5b7180e91b75ff75a67a48b5a9475a","name":"ic_prev.svg","path":"D:\\HarmoneyProject\\music\\music\\entry\\build\\default\\intermediates\\res\\default\\resources\\base\\media\\ic_prev.svg","type":"file","isSymbolicLink":false,"fileMetaData":{"size":893,"lastModifiedTime":1754899401948}},{"hashValue":"a88bf78e7da7441dd19ea9815bffdc28","name":"ic_random.svg","path":"D:\\HarmoneyProject\\music\\music\\entry\\build\\default\\intermediates\\res\\default\\resources\\base\\media\\ic_random.svg","type":"file","isSymbolicLink":false,"fileMetaData":{"size":1514,"lastModifiedTime":1754899401948}},{"hashValue":"aac3693f5f3141e2d1d93d7094a3911f","name":"ic_recommend.svg","path":"D:\\HarmoneyProject\\music\\music\\entry\\build\\default\\intermediates\\res\\default\\resources\\base\\media\\ic_recommend.svg","type":"file","isSymbolicLink":false,"fileMetaData":{"size":2520,"lastModifiedTime":1754899401949}},{"hashValue":"be69700ed0116bb2eaa86369e25a433c","name":"ic_recommend1.svg","path":"D:\\HarmoneyProject\\music\\music\\entry\\build\\default\\intermediates\\res\\default\\resources\\base\\media\\ic_recommend1.svg","type":"file","isSymbolicLink":false,"fileMetaData":{"size":2520,"lastModifiedTime":1754899401949}},{"hashValue":"ed8e5599e30dd41361b865cc8b8d6e7c","name":"ic_repeat.svg","path":"D:\\HarmoneyProject\\music\\music\\entry\\build\\default\\intermediates\\res\\default\\resources\\base\\media\\ic_repeat.svg","type":"file","isSymbolicLink":false,"fileMetaData":{"size":1314,"lastModifiedTime":1754899401949}},{"hashValue":"1447af770a8511c2cc1a3680869502bf","name":"ic_search.svg","path":"D:\\HarmoneyProject\\music\\music\\entry\\build\\default\\intermediates\\res\\default\\resources\\base\\media\\ic_search.svg","type":"file","isSymbolicLink":false,"fileMetaData":{"size":1816,"lastModifiedTime":1754899401949}},{"hashValue":"56c5ad4bc47b81bdcebd25e9ef88a014","name":"ic_share.svg","path":"D:\\HarmoneyProject\\music\\music\\entry\\build\\default\\intermediates\\res\\default\\resources\\base\\media\\ic_share.svg","type":"file","isSymbolicLink":false,"fileMetaData":{"size":981,"lastModifiedTime":1754899401950}},{"hashValue":"a0c61700a1c03b37d69f3debecc3cbfa","name":"ic_single_play.svg","path":"D:\\HarmoneyProject\\music\\music\\entry\\build\\default\\intermediates\\res\\default\\resources\\base\\media\\ic_single_play.svg","type":"file","isSymbolicLink":false,"fileMetaData":{"size":1741,"lastModifiedTime":1754899401950}},{"hashValue":"326d577a34ee418d7fef167949d75612","name":"ic_song_list.svg","path":"D:\\HarmoneyProject\\music\\music\\entry\\build\\default\\intermediates\\res\\default\\resources\\base\\media\\ic_song_list.svg","type":"file","isSymbolicLink":false,"fileMetaData":{"size":1267,"lastModifiedTime":1754899401950}},{"hashValue":"fe85ed040bf956ff946c382f5960ef16","name":"ic_stylus.png","path":"D:\\HarmoneyProject\\music\\music\\entry\\build\\default\\intermediates\\res\\default\\resources\\base\\media\\ic_stylus.png","type":"file","isSymbolicLink":false,"fileMetaData":{"size":55484,"lastModifiedTime":1754899401951}},{"hashValue":"361f356c76430be24e2130237fdd8152","name":"ic_vip.png","path":"D:\\HarmoneyProject\\music\\music\\entry\\build\\default\\intermediates\\res\\default\\resources\\base\\media\\ic_vip.png","type":"file","isSymbolicLink":false,"fileMetaData":{"size":5791,"lastModifiedTime":1754899401951}},{"hashValue":"de60f1bcfadd2dcf6253eb90ed4f6f52","name":"ic_widget.png","path":"D:\\HarmoneyProject\\music\\music\\entry\\build\\default\\intermediates\\res\\default\\resources\\base\\media\\ic_widget.png","type":"file","isSymbolicLink":false,"fileMetaData":{"size":5831,"lastModifiedTime":1754899401952}},{"hashValue":"e36ec39d2e18f59f293bc36701e452a3","name":"icon.png","path":"D:\\HarmoneyProject\\music\\music\\entry\\build\\default\\intermediates\\res\\default\\resources\\base\\media\\icon.png","type":"file","isSymbolicLink":false,"fileMetaData":{"size":6790,"lastModifiedTime":1754899401952}},{"hashValue":"0032e5b45c27c83184ab76365f4a9cb1","name":"layered_image.json","path":"D:\\HarmoneyProject\\music\\music\\entry\\build\\default\\intermediates\\res\\default\\resources\\base\\media\\layered_image.json","type":"file","isSymbolicLink":false,"fileMetaData":{"size":95,"lastModifiedTime":1754899860434}},{"hashValue":"83a816fc8d6502d2643ce305acd71bd2","name":"logo.png","path":"D:\\HarmoneyProject\\music\\music\\entry\\build\\default\\intermediates\\res\\default\\resources\\base\\media\\logo.png","type":"file","isSymbolicLink":false,"fileMetaData":{"size":26320,"lastModifiedTime":1754899401952}},{"hashValue":"d0f98ec78270c9b2381b372ec9d9f156","name":"product.jpg","path":"D:\\HarmoneyProject\\music\\music\\entry\\build\\default\\intermediates\\res\\default\\resources\\base\\media\\product.jpg","type":"file","isSymbolicLink":false,"fileMetaData":{"size":44678,"lastModifiedTime":1754899401953}},{"hashValue":"bf340de545688d264f4e13056f6e9dd4","name":"startIcon.png","path":"D:\\HarmoneyProject\\music\\music\\entry\\build\\default\\intermediates\\res\\default\\resources\\base\\media\\startIcon.png","type":"file","isSymbolicLink":false,"fileMetaData":{"size":20093,"lastModifiedTime":1754899401953}},{"hashValue":"4cbf093f8241a0be27fc22c12049d305","name":"wave.gif","path":"D:\\HarmoneyProject\\music\\music\\entry\\build\\default\\intermediates\\res\\default\\resources\\base\\media\\wave.gif","type":"file","isSymbolicLink":false,"fileMetaData":{"size":622,"lastModifiedTime":1754899401953}},{"hashValue":"9462a11084695f447842d379bcb02341","name":"wave1.gif","path":"D:\\HarmoneyProject\\music\\music\\entry\\build\\default\\intermediates\\res\\default\\resources\\base\\media\\wave1.gif","type":"file","isSymbolicLink":false,"fileMetaData":{"size":622,"lastModifiedTime":1754899401953}}]},{"hashValue":"de179487d8dfeb5144bf97a987468a27","name":"profile","path":"D:\\HarmoneyProject\\music\\music\\entry\\build\\default\\intermediates\\res\\default\\resources\\base\\profile","type":"directory","isSymbolicLink":false,"children":[{"hashValue":"6456325713ca22b5562e90e17a537d95","name":"backup_config.json","path":"D:\\HarmoneyProject\\music\\music\\entry\\build\\default\\intermediates\\res\\default\\resources\\base\\profile\\backup_config.json","type":"file","isSymbolicLink":false,"fileMetaData":{"size":36,"lastModifiedTime":1754899401953}},{"hashValue":"060cf2311edd37d710ff0f15c764c119","name":"main_pages.json","path":"D:\\HarmoneyProject\\music\\music\\entry\\build\\default\\intermediates\\res\\default\\resources\\base\\profile\\main_pages.json","type":"file","isSymbolicLink":false,"fileMetaData":{"size":42,"lastModifiedTime":1754899401954}},{"hashValue":"02db2fbe6f0a7e916525278e9619838c","name":"router_map.json","path":"D:\\HarmoneyProject\\music\\music\\entry\\build\\default\\intermediates\\res\\default\\resources\\base\\profile\\router_map.json","type":"file","isSymbolicLink":false,"fileMetaData":{"size":737,"lastModifiedTime":1754899860569}}]}]}]},{"hashValue":"898daea6d70349245ddec049a8024918","name":"resources.index","path":"D:\\HarmoneyProject\\music\\music\\entry\\build\\default\\intermediates\\res\\default\\resources.index","type":"file","isSymbolicLink":false,"fileMetaData":{"size":4687,"lastModifiedTime":1754899860509}},{"hashValue":"fbd7b80a9f6c6e179423b5f30927bae2","name":"ResourceTable.txt","path":"D:\\HarmoneyProject\\music\\music\\entry\\build\\default\\intermediates\\res\\default\\ResourceTable.txt","type":"file","isSymbolicLink":false,"fileMetaData":{"size":1692,"lastModifiedTime":1754899860435}}]},"D:\\HarmoneyProject\\music\\music\\entry\\build\\default\\generated\\r\\default\\ResourceTable.h":{"hashValue":"dc1ccefe521d61150159dfb00a4b186e","name":"ResourceTable.h","path":"D:\\HarmoneyProject\\music\\music\\entry\\build\\default\\generated\\r\\default\\ResourceTable.h","type":"file","isSymbolicLink":false,"fileMetaData":{"size":3452,"lastModifiedTime":1754899860435}},"D:\\HarmoneyProject\\music\\music\\entry\\build\\default\\generated\\r\\default":{"hashValue":"7e180cf65b709ff11eee5f4986fc8a99","name":"default","path":"D:\\HarmoneyProject\\music\\music\\entry\\build\\default\\generated\\r\\default","type":"directory","isSymbolicLink":false,"children":[{"hashValue":"dc1ccefe521d61150159dfb00a4b186e","name":"ResourceTable.h","path":"D:\\HarmoneyProject\\music\\music\\entry\\build\\default\\generated\\r\\default\\ResourceTable.h","type":"file","isSymbolicLink":false,"fileMetaData":{"size":3452,"lastModifiedTime":1754899860435}}]},"D:\\HarmoneyProject\\music\\music\\entry\\build\\default\\intermediates\\stripped_native_libs\\default":{"hashValue":"","name":"default","path":"D:\\HarmoneyProject\\music\\music\\entry\\build\\default\\intermediates\\stripped_native_libs\\default","type":"directory","isSymbolicLink":false,"children":[]},"D:\\HarmoneyProject\\music\\music\\entry\\build\\default\\intermediates\\loader\\default":{"hashValue":"8217eab6ae69af7ddf1581e777f7a99b","name":"default","path":"D:\\HarmoneyProject\\music\\music\\entry\\build\\default\\intermediates\\loader\\default","type":"directory","isSymbolicLink":false,"children":[{"hashValue":"6b3bd94b5e44463043400bcab24d6c48","name":"loader.json","path":"D:\\HarmoneyProject\\music\\music\\entry\\build\\default\\intermediates\\loader\\default\\loader.json","type":"file","isSymbolicLink":false,"fileMetaData":{"size":1890,"lastModifiedTime":1754899859792}},{"hashValue":"962058a83cebb594886d17d553b410c6","name":"pkgContextInfo.json","path":"D:\\HarmoneyProject\\music\\music\\entry\\build\\default\\intermediates\\loader\\default\\pkgContextInfo.json","type":"file","isSymbolicLink":false,"fileMetaData":{"size":444,"lastModifiedTime":1754899858817}}]},"D:\\HarmoneyProject\\music\\music\\entry\\build\\default\\intermediates\\res\\default\\ResourceTable.txt":{"hashValue":"fbd7b80a9f6c6e179423b5f30927bae2","name":"ResourceTable.txt","path":"D:\\HarmoneyProject\\music\\music\\entry\\build\\default\\intermediates\\res\\default\\ResourceTable.txt","type":"file","isSymbolicLink":false,"fileMetaData":{"size":1692,"lastModifiedTime":1754899860435}},"D:\\HarmoneyProject\\music\\music\\entry\\build\\default\\intermediates\\res\\default\\ark_module.json":{"hashValue":"44a68c58755b078f8c2e23cfe6e1b3cc","name":"ark_module.json","path":"D:\\HarmoneyProject\\music\\music\\entry\\build\\default\\intermediates\\res\\default\\ark_module.json","type":"file","isSymbolicLink":false,"fileMetaData":{"size":1464,"lastModifiedTime":1754899859756}},"D:\\HarmoneyProject\\music\\music\\entry\\build\\default\\intermediates\\res\\default\\resources\\base\\profile":{"hashValue":"de179487d8dfeb5144bf97a987468a27","name":"profile","path":"D:\\HarmoneyProject\\music\\music\\entry\\build\\default\\intermediates\\res\\default\\resources\\base\\profile","type":"directory","isSymbolicLink":false,"children":[{"hashValue":"6456325713ca22b5562e90e17a537d95","name":"backup_config.json","path":"D:\\HarmoneyProject\\music\\music\\entry\\build\\default\\intermediates\\res\\default\\resources\\base\\profile\\backup_config.json","type":"file","isSymbolicLink":false,"fileMetaData":{"size":36,"lastModifiedTime":1754899401953}},{"hashValue":"060cf2311edd37d710ff0f15c764c119","name":"main_pages.json","path":"D:\\HarmoneyProject\\music\\music\\entry\\build\\default\\intermediates\\res\\default\\resources\\base\\profile\\main_pages.json","type":"file","isSymbolicLink":false,"fileMetaData":{"size":42,"lastModifiedTime":1754899401954}},{"hashValue":"02db2fbe6f0a7e916525278e9619838c","name":"router_map.json","path":"D:\\HarmoneyProject\\music\\music\\entry\\build\\default\\intermediates\\res\\default\\resources\\base\\profile\\router_map.json","type":"file","isSymbolicLink":false,"fileMetaData":{"size":737,"lastModifiedTime":1754899860569}}]},"D:\\HarmoneyProject\\music\\music\\entry\\src\\main\\ets":{"hashValue":"e7c5818b2b2fd0bfc93abd914e6272b8","name":"ets","path":"D:\\HarmoneyProject\\music\\music\\entry\\src\\main\\ets","type":"directory","isSymbolicLink":false,"children":[{"hashValue":"34dc9ad879f684d4e08259a9986e6eae","name":"common","path":"D:\\HarmoneyProject\\music\\music\\entry\\src\\main\\ets\\common","type":"directory","isSymbolicLink":false,"children":[{"hashValue":"86bfa074a98995e9ed3a592a972c2477","name":"utils","path":"D:\\HarmoneyProject\\music\\music\\entry\\src\\main\\ets\\common\\utils","type":"directory","isSymbolicLink":false,"children":[{"hashValue":"141781bfd57f05e1b1deaffffc386a27","name":"AvPlayerManager.ets","path":"D:\\HarmoneyProject\\music\\music\\entry\\src\\main\\ets\\common\\utils\\AvPlayerManager.ets","type":"file","isSymbolicLink":false,"fileMetaData":{"size":6282,"lastModifiedTime":1754899401918}},{"hashValue":"093bbdfc77bd67bf53c135f314122855","name":"AvSessionManager.ets","path":"D:\\HarmoneyProject\\music\\music\\entry\\src\\main\\ets\\common\\utils\\AvSessionManager.ets","type":"file","isSymbolicLink":false,"fileMetaData":{"size":3437,"lastModifiedTime":1754899401918}},{"hashValue":"09940a9cc35028b1df397ad9325495a2","name":"utils.ets","path":"D:\\HarmoneyProject\\music\\music\\entry\\src\\main\\ets\\common\\utils\\utils.ets","type":"file","isSymbolicLink":false,"fileMetaData":{"size":218,"lastModifiedTime":1754899401919}}]}]},{"hashValue":"e7cd49cf12800d3bc0842d7fde1a7083","name":"entryability","path":"D:\\HarmoneyProject\\music\\music\\entry\\src\\main\\ets\\entryability","type":"directory","isSymbolicLink":false,"children":[{"hashValue":"ec43c8e3214e4d4968ff259f506b68a5","name":"EntryAbility.ets","path":"D:\\HarmoneyProject\\music\\music\\entry\\src\\main\\ets\\entryability\\EntryAbility.ets","type":"file","isSymbolicLink":false,"fileMetaData":{"size":1962,"lastModifiedTime":1754899401920}}]},{"hashValue":"8845a4fd10d54c8fd70305e751052166","name":"entrybackupability","path":"D:\\HarmoneyProject\\music\\music\\entry\\src\\main\\ets\\entrybackupability","type":"directory","isSymbolicLink":false,"children":[{"hashValue":"2566bce26eef2e04efc0c79d1a9c95ef","name":"EntryBackupAbility.ets","path":"D:\\HarmoneyProject\\music\\music\\entry\\src\\main\\ets\\entrybackupability\\EntryBackupAbility.ets","type":"file","isSymbolicLink":false,"fileMetaData":{"size":522,"lastModifiedTime":1754899401920}}]},{"hashValue":"a7f29ee45de402afb73554e5d765943e","name":"models","path":"D:\\HarmoneyProject\\music\\music\\entry\\src\\main\\ets\\models","type":"directory","isSymbolicLink":false,"children":[{"hashValue":"1e280ebb01a7fbf0d5989e57438177fc","name":"globalMusic.ets","path":"D:\\HarmoneyProject\\music\\music\\entry\\src\\main\\ets\\models\\globalMusic.ets","type":"file","isSymbolicLink":false,"fileMetaData":{"size":1107,"lastModifiedTime":1754899401920}},{"hashValue":"67ccbbd15be2f1f5dca184a55718a152","name":"music.ets","path":"D:\\HarmoneyProject\\music\\music\\entry\\src\\main\\ets\\models\\music.ets","type":"file","isSymbolicLink":false,"fileMetaData":{"size":111,"lastModifiedTime":1754899401921}}]},{"hashValue":"25d3a8b37616d461fbf66b9337771014","name":"pages","path":"D:\\HarmoneyProject\\music\\music\\entry\\src\\main\\ets\\pages","type":"directory","isSymbolicLink":false,"children":[{"hashValue":"b23e17320bea059e4e31df6e1cfcedea","name":"Find.ets","path":"D:\\HarmoneyProject\\music\\music\\entry\\src\\main\\ets\\pages\\Find.ets","type":"file","isSymbolicLink":false,"fileMetaData":{"size":7016,"lastModifiedTime":1754899401922}},{"hashValue":"dd2bdded63ecdb537d21ce768791029f","name":"Index.ets","path":"D:\\HarmoneyProject\\music\\music\\entry\\src\\main\\ets\\pages\\Index.ets","type":"file","isSymbolicLink":false,"fileMetaData":{"size":364,"lastModifiedTime":1754899401922}},{"hashValue":"eff76a1f594e1f0f05f84d1653387b99","name":"Layout.ets","path":"D:\\HarmoneyProject\\music\\music\\entry\\src\\main\\ets\\pages\\Layout.ets","type":"file","isSymbolicLink":false,"fileMetaData":{"size":1930,"lastModifiedTime":1754899401923}},{"hashValue":"7468c3eaedfd76cd1502ebc3e325fa0b","name":"Mine.ets","path":"D:\\HarmoneyProject\\music\\music\\entry\\src\\main\\ets\\pages\\Mine.ets","type":"file","isSymbolicLink":false,"fileMetaData":{"size":3718,"lastModifiedTime":1754899401923}},{"hashValue":"227ff419ba4d2f9d6d2d967e105a4640","name":"Moment.ets","path":"D:\\HarmoneyProject\\music\\music\\entry\\src\\main\\ets\\pages\\Moment.ets","type":"file","isSymbolicLink":false,"fileMetaData":{"size":14293,"lastModifiedTime":1754899401923}},{"hashValue":"0e1af36d81018e68e8470d314a1511ae","name":"Play.ets","path":"D:\\HarmoneyProject\\music\\music\\entry\\src\\main\\ets\\pages\\Play.ets","type":"file","isSymbolicLink":false,"fileMetaData":{"size":18251,"lastModifiedTime":1754899401925}},{"hashValue":"bff820eab8f9b6375b5e8cb2b755c010","name":"Recommend.ets","path":"D:\\HarmoneyProject\\music\\music\\entry\\src\\main\\ets\\pages\\Recommend.ets","type":"file","isSymbolicLink":false,"fileMetaData":{"size":6343,"lastModifiedTime":1754899401925}},{"hashValue":"ebd9fb5b8df124ff976b14026c63fe70","name":"Start.ets","path":"D:\\HarmoneyProject\\music\\music\\entry\\src\\main\\ets\\pages\\Start.ets","type":"file","isSymbolicLink":false,"fileMetaData":{"size":835,"lastModifiedTime":1754899401925}}]}]},"D:\\HarmoneyProject\\music\\music\\entry\\build\\default\\intermediates\\loader_out\\default\\ets":{"hashValue":"0f365a4a9dc65f6ff1e1efce69d62492","name":"ets","path":"D:\\HarmoneyProject\\music\\music\\entry\\build\\default\\intermediates\\loader_out\\default\\ets","type":"directory","isSymbolicLink":false,"children":[{"hashValue":"2ed1d06db43a5d54c340a85598646950","name":"modules.abc","path":"D:\\HarmoneyProject\\music\\music\\entry\\build\\default\\intermediates\\loader_out\\default\\ets\\modules.abc","type":"file","isSymbolicLink":false,"fileMetaData":{"size":168028,"lastModifiedTime":1754899867133}},{"hashValue":"50d9af93dcc801a5541ab778857ab465","name":"sourceMaps.map","path":"D:\\HarmoneyProject\\music\\music\\entry\\build\\default\\intermediates\\loader_out\\default\\ets\\sourceMaps.map","type":"file","isSymbolicLink":false,"fileMetaData":{"size":55074,"lastModifiedTime":1754899866508}}]},"D:\\HarmoneyProject\\music\\music\\entry\\build\\default\\intermediates\\loader_out\\default\\js":{"hashValue":"","name":"emptyroot","path":"","type":"unknown","isSymbolicLink":false,"children":[]},"D:\\HarmoneyProject\\music\\music\\entry\\build\\default\\intermediates\\patch\\default\\base_native_libs.json":{"hashValue":"67e4a3f0f7cd996406629bd84225986c","name":"base_native_libs.json","path":"D:\\HarmoneyProject\\music\\music\\entry\\build\\default\\intermediates\\patch\\default\\base_native_libs.json","type":"file","isSymbolicLink":false,"fileMetaData":{"size":25,"lastModifiedTime":1754899861346}},"D:\\HarmoneyProject\\music\\music\\entry\\build\\default\\intermediates\\res\\default\\module.json":{"hashValue":"cfc4ee4df590a7e5715342b98a0c2e36","name":"module.json","path":"D:\\HarmoneyProject\\music\\music\\entry\\build\\default\\intermediates\\res\\default\\module.json","type":"file","isSymbolicLink":false,"fileMetaData":{"size":1674,"lastModifiedTime":1754899860570}},"D:\\HarmoneyProject\\music\\music\\entry\\build\\default\\intermediates\\package\\default\\module.json":{"hashValue":"cfc4ee4df590a7e5715342b98a0c2e36","name":"module.json","path":"D:\\HarmoneyProject\\music\\music\\entry\\build\\default\\intermediates\\package\\default\\module.json","type":"file","isSymbolicLink":false,"fileMetaData":{"size":1674,"lastModifiedTime":1754899860570}},"D:\\HarmoneyProject\\music\\music\\entry\\build\\default\\intermediates\\res\\default\\resources":{"hashValue":"7016afc0e962668214f261220969719c","name":"resources","path":"D:\\HarmoneyProject\\music\\music\\entry\\build\\default\\intermediates\\res\\default\\resources","type":"directory","isSymbolicLink":false,"children":[{"hashValue":"b184683974113f6d994e146fcf91adb5","name":"base","path":"D:\\HarmoneyProject\\music\\music\\entry\\build\\default\\intermediates\\res\\default\\resources\\base","type":"directory","isSymbolicLink":false,"children":[{"hashValue":"c1a170fe810c0ee17718f95d2a992c56","name":"media","path":"D:\\HarmoneyProject\\music\\music\\entry\\build\\default\\intermediates\\res\\default\\resources\\base\\media","type":"directory","isSymbolicLink":false,"children":[{"hashValue":"c08373be2bd2ac8cc22f2ce3dde45ae3","name":"3.jpg","path":"D:\\HarmoneyProject\\music\\music\\entry\\build\\default\\intermediates\\res\\default\\resources\\base\\media\\3.jpg","type":"file","isSymbolicLink":false,"fileMetaData":{"size":17350,"lastModifiedTime":1754899401928}},{"hashValue":"c709c2ef1b36e9cd72ac5788beeac8cb","name":"ad.jpg","path":"D:\\HarmoneyProject\\music\\music\\entry\\build\\default\\intermediates\\res\\default\\resources\\base\\media\\ad.jpg","type":"file","isSymbolicLink":false,"fileMetaData":{"size":1188645,"lastModifiedTime":1754899401935}},{"hashValue":"6e7d8b8c6e68fc8ffeef9ae0fce5760a","name":"airplane_fill.svg","path":"D:\\HarmoneyProject\\music\\music\\entry\\build\\default\\intermediates\\res\\default\\resources\\base\\media\\airplane_fill.svg","type":"file","isSymbolicLink":false,"fileMetaData":{"size":827,"lastModifiedTime":1754899401936}},{"hashValue":"97afcca2602825036a8493ac02675522","name":"background.png","path":"D:\\HarmoneyProject\\music\\music\\entry\\build\\default\\intermediates\\res\\default\\resources\\base\\media\\background.png","type":"file","isSymbolicLink":false,"fileMetaData":{"size":70283,"lastModifiedTime":1754899860474}},{"hashValue":"73bba15ed6bda113aaf5d661cca9cef2","name":"bg_mine.png","path":"D:\\HarmoneyProject\\music\\music\\entry\\build\\default\\intermediates\\res\\default\\resources\\base\\media\\bg_mine.png","type":"file","isSymbolicLink":false,"fileMetaData":{"size":34180,"lastModifiedTime":1754899401940}},{"hashValue":"a19ed71a4a58c1b32853a2c77819b309","name":"foreground.png","path":"D:\\HarmoneyProject\\music\\music\\entry\\build\\default\\intermediates\\res\\default\\resources\\base\\media\\foreground.png","type":"file","isSymbolicLink":false,"fileMetaData":{"size":13086,"lastModifiedTime":1754899860506}},{"hashValue":"17ef6c2d6ffeba5d7b490d80c8a9b031","name":"ic_auto.svg","path":"D:\\HarmoneyProject\\music\\music\\entry\\build\\default\\intermediates\\res\\default\\resources\\base\\media\\ic_auto.svg","type":"file","isSymbolicLink":false,"fileMetaData":{"size":1743,"lastModifiedTime":1754899401940}},{"hashValue":"85ccc12e71a5226cfd0051ff2c5854e4","name":"ic_back.svg","path":"D:\\HarmoneyProject\\music\\music\\entry\\build\\default\\intermediates\\res\\default\\resources\\base\\media\\ic_back.svg","type":"file","isSymbolicLink":false,"fileMetaData":{"size":979,"lastModifiedTime":1754899401940}},{"hashValue":"8d4d598054e5ab620cc0c304cd0a3b2a","name":"ic_bells_o.svg","path":"D:\\HarmoneyProject\\music\\music\\entry\\build\\default\\intermediates\\res\\default\\resources\\base\\media\\ic_bells_o.svg","type":"file","isSymbolicLink":false,"fileMetaData":{"size":16153,"lastModifiedTime":1754899401940}},{"hashValue":"78fbd344414d30cf7e60dc3f2cbf70b0","name":"ic_boy.svg","path":"D:\\HarmoneyProject\\music\\music\\entry\\build\\default\\intermediates\\res\\default\\resources\\base\\media\\ic_boy.svg","type":"file","isSymbolicLink":false,"fileMetaData":{"size":3876,"lastModifiedTime":1754899401941}},{"hashValue":"a856c413aa7390e60b96a33cc539f60b","name":"ic_cd.png","path":"D:\\HarmoneyProject\\music\\music\\entry\\build\\default\\intermediates\\res\\default\\resources\\base\\media\\ic_cd.png","type":"file","isSymbolicLink":false,"fileMetaData":{"size":26788,"lastModifiedTime":1754899401941}},{"hashValue":"e1ddc2920ecf807bce2376ffa3de3e1d","name":"ic_close.svg","path":"D:\\HarmoneyProject\\music\\music\\entry\\build\\default\\intermediates\\res\\default\\resources\\base\\media\\ic_close.svg","type":"file","isSymbolicLink":false,"fileMetaData":{"size":518,"lastModifiedTime":1754899401941}},{"hashValue":"bbca64889b0151ab456b1c16692a92ea","name":"ic_code.svg","path":"D:\\HarmoneyProject\\music\\music\\entry\\build\\default\\intermediates\\res\\default\\resources\\base\\media\\ic_code.svg","type":"file","isSymbolicLink":false,"fileMetaData":{"size":3267,"lastModifiedTime":1754899401942}},{"hashValue":"077116198e29df280b05f921b1826db5","name":"ic_collect.svg","path":"D:\\HarmoneyProject\\music\\music\\entry\\build\\default\\intermediates\\res\\default\\resources\\base\\media\\ic_collect.svg","type":"file","isSymbolicLink":false,"fileMetaData":{"size":1271,"lastModifiedTime":1754899401942}},{"hashValue":"d76b3092fd3a2df1f04d0b0733f07df2","name":"ic_comment_o.svg","path":"D:\\HarmoneyProject\\music\\music\\entry\\build\\default\\intermediates\\res\\default\\resources\\base\\media\\ic_comment_o.svg","type":"file","isSymbolicLink":false,"fileMetaData":{"size":2875,"lastModifiedTime":1754899401942}},{"hashValue":"43f6b1640aa13f62031caf3afb2abc7f","name":"ic_comment.svg","path":"D:\\HarmoneyProject\\music\\music\\entry\\build\\default\\intermediates\\res\\default\\resources\\base\\media\\ic_comment.svg","type":"file","isSymbolicLink":false,"fileMetaData":{"size":1019,"lastModifiedTime":1754899401942}},{"hashValue":"fd819e2fa83bb9ec710ebd295c5c6031","name":"ic_download_o.svg","path":"D:\\HarmoneyProject\\music\\music\\entry\\build\\default\\intermediates\\res\\default\\resources\\base\\media\\ic_download_o.svg","type":"file","isSymbolicLink":false,"fileMetaData":{"size":1607,"lastModifiedTime":1754899401943}},{"hashValue":"e2dea52dc2393dac9b338600a89cb5ff","name":"ic_download.svg","path":"D:\\HarmoneyProject\\music\\music\\entry\\build\\default\\intermediates\\res\\default\\resources\\base\\media\\ic_download.svg","type":"file","isSymbolicLink":false,"fileMetaData":{"size":1607,"lastModifiedTime":1754899401942}},{"hashValue":"e62983bfc85740dd46c0c7f66bb71264","name":"ic_favorite.svg","path":"D:\\HarmoneyProject\\music\\music\\entry\\build\\default\\intermediates\\res\\default\\resources\\base\\media\\ic_favorite.svg","type":"file","isSymbolicLink":false,"fileMetaData":{"size":4953,"lastModifiedTime":1754899401943}},{"hashValue":"568cbb1df67c04569c74bf62c54045fa","name":"ic_find.svg","path":"D:\\HarmoneyProject\\music\\music\\entry\\build\\default\\intermediates\\res\\default\\resources\\base\\media\\ic_find.svg","type":"file","isSymbolicLink":false,"fileMetaData":{"size":2655,"lastModifiedTime":1754899401943}},{"hashValue":"e3bcdefd56b4272105589d62b9e33a50","name":"ic_find1.svg","path":"D:\\HarmoneyProject\\music\\music\\entry\\build\\default\\intermediates\\res\\default\\resources\\base\\media\\ic_find1.svg","type":"file","isSymbolicLink":false,"fileMetaData":{"size":2655,"lastModifiedTime":1754899401943}},{"hashValue":"aeef90f737a336add6f08f1d14d76760","name":"ic_girl.svg","path":"D:\\HarmoneyProject\\music\\music\\entry\\build\\default\\intermediates\\res\\default\\resources\\base\\media\\ic_girl.svg","type":"file","isSymbolicLink":false,"fileMetaData":{"size":3456,"lastModifiedTime":1754899401943}},{"hashValue":"36f4e45afc69f622e5a688ccb66d16be","name":"ic_like.svg","path":"D:\\HarmoneyProject\\music\\music\\entry\\build\\default\\intermediates\\res\\default\\resources\\base\\media\\ic_like.svg","type":"file","isSymbolicLink":false,"fileMetaData":{"size":1900,"lastModifiedTime":1754899401943}},{"hashValue":"0b68e13b25623dfcac3074adc5d6731c","name":"ic_list.svg","path":"D:\\HarmoneyProject\\music\\music\\entry\\build\\default\\intermediates\\res\\default\\resources\\base\\media\\ic_list.svg","type":"file","isSymbolicLink":false,"fileMetaData":{"size":1700,"lastModifiedTime":1754899401943}},{"hashValue":"f0c062c2aea169dda7948f3aff8a971e","name":"ic_logo.svg","path":"D:\\HarmoneyProject\\music\\music\\entry\\build\\default\\intermediates\\res\\default\\resources\\base\\media\\ic_logo.svg","type":"file","isSymbolicLink":false,"fileMetaData":{"size":1899,"lastModifiedTime":1754899401945}},{"hashValue":"bb6269dd6fe1dbfa920065c90e085ced","name":"ic_mine.svg","path":"D:\\HarmoneyProject\\music\\music\\entry\\build\\default\\intermediates\\res\\default\\resources\\base\\media\\ic_mine.svg","type":"file","isSymbolicLink":false,"fileMetaData":{"size":1496,"lastModifiedTime":1754899401945}},{"hashValue":"9080452baa9644fb7ede6b5d097a4863","name":"ic_moment.svg","path":"D:\\HarmoneyProject\\music\\music\\entry\\build\\default\\intermediates\\res\\default\\resources\\base\\media\\ic_moment.svg","type":"file","isSymbolicLink":false,"fileMetaData":{"size":1589,"lastModifiedTime":1754899401946}},{"hashValue":"df83d63f0d48625ca13496dd9c5a3e80","name":"ic_more.svg","path":"D:\\HarmoneyProject\\music\\music\\entry\\build\\default\\intermediates\\res\\default\\resources\\base\\media\\ic_more.svg","type":"file","isSymbolicLink":false,"fileMetaData":{"size":646,"lastModifiedTime":1754899401946}},{"hashValue":"aac954f2dd38f560c32dcb798705af27","name":"ic_more1.svg","path":"D:\\HarmoneyProject\\music\\music\\entry\\build\\default\\intermediates\\res\\default\\resources\\base\\media\\ic_more1.svg","type":"file","isSymbolicLink":false,"fileMetaData":{"size":646,"lastModifiedTime":1754899401947}},{"hashValue":"5d0fc5a67a40bc754d861ebdbcf43916","name":"ic_music.svg","path":"D:\\HarmoneyProject\\music\\music\\entry\\build\\default\\intermediates\\res\\default\\resources\\base\\media\\ic_music.svg","type":"file","isSymbolicLink":false,"fileMetaData":{"size":3410,"lastModifiedTime":1754899401947}},{"hashValue":"390a6c83f1f8983acce5d62ae9b4582e","name":"ic_next.svg","path":"D:\\HarmoneyProject\\music\\music\\entry\\build\\default\\intermediates\\res\\default\\resources\\base\\media\\ic_next.svg","type":"file","isSymbolicLink":false,"fileMetaData":{"size":894,"lastModifiedTime":1754899401947}},{"hashValue":"57cc7066c9afee19caacaa5096088577","name":"ic_paused.svg","path":"D:\\HarmoneyProject\\music\\music\\entry\\build\\default\\intermediates\\res\\default\\resources\\base\\media\\ic_paused.svg","type":"file","isSymbolicLink":false,"fileMetaData":{"size":591,"lastModifiedTime":1754899401947}},{"hashValue":"f5e7c3e12f119c7e1777c525ecf078b0","name":"ic_play.svg","path":"D:\\HarmoneyProject\\music\\music\\entry\\build\\default\\intermediates\\res\\default\\resources\\base\\media\\ic_play.svg","type":"file","isSymbolicLink":false,"fileMetaData":{"size":761,"lastModifiedTime":1754899401947}},{"hashValue":"c9201bfa2d540cc81a4aafe62aebeb67","name":"ic_playing.gif","path":"D:\\HarmoneyProject\\music\\music\\entry\\build\\default\\intermediates\\res\\default\\resources\\base\\media\\ic_playing.gif","type":"file","isSymbolicLink":false,"fileMetaData":{"size":67317,"lastModifiedTime":1754899401948}},{"hashValue":"4f5b7180e91b75ff75a67a48b5a9475a","name":"ic_prev.svg","path":"D:\\HarmoneyProject\\music\\music\\entry\\build\\default\\intermediates\\res\\default\\resources\\base\\media\\ic_prev.svg","type":"file","isSymbolicLink":false,"fileMetaData":{"size":893,"lastModifiedTime":1754899401948}},{"hashValue":"a88bf78e7da7441dd19ea9815bffdc28","name":"ic_random.svg","path":"D:\\HarmoneyProject\\music\\music\\entry\\build\\default\\intermediates\\res\\default\\resources\\base\\media\\ic_random.svg","type":"file","isSymbolicLink":false,"fileMetaData":{"size":1514,"lastModifiedTime":1754899401948}},{"hashValue":"aac3693f5f3141e2d1d93d7094a3911f","name":"ic_recommend.svg","path":"D:\\HarmoneyProject\\music\\music\\entry\\build\\default\\intermediates\\res\\default\\resources\\base\\media\\ic_recommend.svg","type":"file","isSymbolicLink":false,"fileMetaData":{"size":2520,"lastModifiedTime":1754899401949}},{"hashValue":"be69700ed0116bb2eaa86369e25a433c","name":"ic_recommend1.svg","path":"D:\\HarmoneyProject\\music\\music\\entry\\build\\default\\intermediates\\res\\default\\resources\\base\\media\\ic_recommend1.svg","type":"file","isSymbolicLink":false,"fileMetaData":{"size":2520,"lastModifiedTime":1754899401949}},{"hashValue":"ed8e5599e30dd41361b865cc8b8d6e7c","name":"ic_repeat.svg","path":"D:\\HarmoneyProject\\music\\music\\entry\\build\\default\\intermediates\\res\\default\\resources\\base\\media\\ic_repeat.svg","type":"file","isSymbolicLink":false,"fileMetaData":{"size":1314,"lastModifiedTime":1754899401949}},{"hashValue":"1447af770a8511c2cc1a3680869502bf","name":"ic_search.svg","path":"D:\\HarmoneyProject\\music\\music\\entry\\build\\default\\intermediates\\res\\default\\resources\\base\\media\\ic_search.svg","type":"file","isSymbolicLink":false,"fileMetaData":{"size":1816,"lastModifiedTime":1754899401949}},{"hashValue":"56c5ad4bc47b81bdcebd25e9ef88a014","name":"ic_share.svg","path":"D:\\HarmoneyProject\\music\\music\\entry\\build\\default\\intermediates\\res\\default\\resources\\base\\media\\ic_share.svg","type":"file","isSymbolicLink":false,"fileMetaData":{"size":981,"lastModifiedTime":1754899401950}},{"hashValue":"a0c61700a1c03b37d69f3debecc3cbfa","name":"ic_single_play.svg","path":"D:\\HarmoneyProject\\music\\music\\entry\\build\\default\\intermediates\\res\\default\\resources\\base\\media\\ic_single_play.svg","type":"file","isSymbolicLink":false,"fileMetaData":{"size":1741,"lastModifiedTime":1754899401950}},{"hashValue":"326d577a34ee418d7fef167949d75612","name":"ic_song_list.svg","path":"D:\\HarmoneyProject\\music\\music\\entry\\build\\default\\intermediates\\res\\default\\resources\\base\\media\\ic_song_list.svg","type":"file","isSymbolicLink":false,"fileMetaData":{"size":1267,"lastModifiedTime":1754899401950}},{"hashValue":"fe85ed040bf956ff946c382f5960ef16","name":"ic_stylus.png","path":"D:\\HarmoneyProject\\music\\music\\entry\\build\\default\\intermediates\\res\\default\\resources\\base\\media\\ic_stylus.png","type":"file","isSymbolicLink":false,"fileMetaData":{"size":55484,"lastModifiedTime":1754899401951}},{"hashValue":"361f356c76430be24e2130237fdd8152","name":"ic_vip.png","path":"D:\\HarmoneyProject\\music\\music\\entry\\build\\default\\intermediates\\res\\default\\resources\\base\\media\\ic_vip.png","type":"file","isSymbolicLink":false,"fileMetaData":{"size":5791,"lastModifiedTime":1754899401951}},{"hashValue":"de60f1bcfadd2dcf6253eb90ed4f6f52","name":"ic_widget.png","path":"D:\\HarmoneyProject\\music\\music\\entry\\build\\default\\intermediates\\res\\default\\resources\\base\\media\\ic_widget.png","type":"file","isSymbolicLink":false,"fileMetaData":{"size":5831,"lastModifiedTime":1754899401952}},{"hashValue":"e36ec39d2e18f59f293bc36701e452a3","name":"icon.png","path":"D:\\HarmoneyProject\\music\\music\\entry\\build\\default\\intermediates\\res\\default\\resources\\base\\media\\icon.png","type":"file","isSymbolicLink":false,"fileMetaData":{"size":6790,"lastModifiedTime":1754899401952}},{"hashValue":"0032e5b45c27c83184ab76365f4a9cb1","name":"layered_image.json","path":"D:\\HarmoneyProject\\music\\music\\entry\\build\\default\\intermediates\\res\\default\\resources\\base\\media\\layered_image.json","type":"file","isSymbolicLink":false,"fileMetaData":{"size":95,"lastModifiedTime":1754899860434}},{"hashValue":"83a816fc8d6502d2643ce305acd71bd2","name":"logo.png","path":"D:\\HarmoneyProject\\music\\music\\entry\\build\\default\\intermediates\\res\\default\\resources\\base\\media\\logo.png","type":"file","isSymbolicLink":false,"fileMetaData":{"size":26320,"lastModifiedTime":1754899401952}},{"hashValue":"d0f98ec78270c9b2381b372ec9d9f156","name":"product.jpg","path":"D:\\HarmoneyProject\\music\\music\\entry\\build\\default\\intermediates\\res\\default\\resources\\base\\media\\product.jpg","type":"file","isSymbolicLink":false,"fileMetaData":{"size":44678,"lastModifiedTime":1754899401953}},{"hashValue":"bf340de545688d264f4e13056f6e9dd4","name":"startIcon.png","path":"D:\\HarmoneyProject\\music\\music\\entry\\build\\default\\intermediates\\res\\default\\resources\\base\\media\\startIcon.png","type":"file","isSymbolicLink":false,"fileMetaData":{"size":20093,"lastModifiedTime":1754899401953}},{"hashValue":"4cbf093f8241a0be27fc22c12049d305","name":"wave.gif","path":"D:\\HarmoneyProject\\music\\music\\entry\\build\\default\\intermediates\\res\\default\\resources\\base\\media\\wave.gif","type":"file","isSymbolicLink":false,"fileMetaData":{"size":622,"lastModifiedTime":1754899401953}},{"hashValue":"9462a11084695f447842d379bcb02341","name":"wave1.gif","path":"D:\\HarmoneyProject\\music\\music\\entry\\build\\default\\intermediates\\res\\default\\resources\\base\\media\\wave1.gif","type":"file","isSymbolicLink":false,"fileMetaData":{"size":622,"lastModifiedTime":1754899401953}}]},{"hashValue":"de179487d8dfeb5144bf97a987468a27","name":"profile","path":"D:\\HarmoneyProject\\music\\music\\entry\\build\\default\\intermediates\\res\\default\\resources\\base\\profile","type":"directory","isSymbolicLink":false,"children":[{"hashValue":"6456325713ca22b5562e90e17a537d95","name":"backup_config.json","path":"D:\\HarmoneyProject\\music\\music\\entry\\build\\default\\intermediates\\res\\default\\resources\\base\\profile\\backup_config.json","type":"file","isSymbolicLink":false,"fileMetaData":{"size":36,"lastModifiedTime":1754899401953}},{"hashValue":"060cf2311edd37d710ff0f15c764c119","name":"main_pages.json","path":"D:\\HarmoneyProject\\music\\music\\entry\\build\\default\\intermediates\\res\\default\\resources\\base\\profile\\main_pages.json","type":"file","isSymbolicLink":false,"fileMetaData":{"size":42,"lastModifiedTime":1754899401954}},{"hashValue":"02db2fbe6f0a7e916525278e9619838c","name":"router_map.json","path":"D:\\HarmoneyProject\\music\\music\\entry\\build\\default\\intermediates\\res\\default\\resources\\base\\profile\\router_map.json","type":"file","isSymbolicLink":false,"fileMetaData":{"size":737,"lastModifiedTime":1754899860569}}]}]}]},"D:\\HarmoneyProject\\music\\music\\entry\\build\\default\\intermediates\\res\\default\\resources.index":{"hashValue":"898daea6d70349245ddec049a8024918","name":"resources.index","path":"D:\\HarmoneyProject\\music\\music\\entry\\build\\default\\intermediates\\res\\default\\resources.index","type":"file","isSymbolicLink":false,"fileMetaData":{"size":4687,"lastModifiedTime":1754899860509}},"D:\\HarmoneyProject\\music\\music\\entry\\build\\default\\intermediates\\loader_out\\default\\ets\\sourceMaps.map":{"hashValue":"50d9af93dcc801a5541ab778857ab465","name":"sourceMaps.map","path":"D:\\HarmoneyProject\\music\\music\\entry\\build\\default\\intermediates\\loader_out\\default\\ets\\sourceMaps.map","type":"file","isSymbolicLink":false,"fileMetaData":{"size":55074,"lastModifiedTime":1754899866508}},"D:\\HarmoneyProject\\music\\music\\entry\\build\\default\\outputs\\default\\entry-default-unsigned.hap":{"hashValue":"a22ef25a2770b3e3bb00ed86ae915f4b","name":"entry-default-unsigned.hap","path":"D:\\HarmoneyProject\\music\\music\\entry\\build\\default\\outputs\\default\\entry-default-unsigned.hap","type":"file","isSymbolicLink":false,"fileMetaData":{"size":1903484,"lastModifiedTime":1754899867338}},"D:\\HarmoneyProject\\music\\music\\entry\\build\\default\\intermediates\\source_map\\default\\sourceMaps.map":{"hashValue":"50d9af93dcc801a5541ab778857ab465","name":"sourceMaps.map","path":"D:\\HarmoneyProject\\music\\music\\entry\\build\\default\\intermediates\\source_map\\default\\sourceMaps.map","type":"file","isSymbolicLink":false,"fileMetaData":{"size":55074,"lastModifiedTime":1754899866508}},"D:\\HarmoneyProject\\music\\music\\entry\\build\\default\\outputs\\default\\mapping\\sourceMaps.map":{"hashValue":"50d9af93dcc801a5541ab778857ab465","name":"sourceMaps.map","path":"D:\\HarmoneyProject\\music\\music\\entry\\build\\default\\outputs\\default\\mapping\\sourceMaps.map","type":"file","isSymbolicLink":false,"fileMetaData":{"size":55074,"lastModifiedTime":1754899866508}},"D:\\HarmoneyProject\\music\\music\\entry\\build\\default\\outputs\\default\\entry-default-signed.hap":{"hashValue":"","name":"emptyroot","path":"","type":"unknown","isSymbolicLink":false,"children":[]},"D:\\HarmoneyProject\\music\\music\\entry\\build\\default\\outputs\\default\\symbol":{"hashValue":"","name":"emptyroot","path":"","type":"unknown","isSymbolicLink":false,"children":[]}}