{
  "routerMap": [
    {
      "name": "Start",
      "pageSourceFile":"src/main/ets/pages/Start.ets",
      "buildFunction": "StartFn",
      "data": {
        "description": "this is start"
      }
    },
    {
      "name": "Layout",
      "pageSourceFile":"src/main/ets/pages/Layout.ets",
      "buildFunction": "LayoutFn",
      "data": {
        "description": "this is Layout"
      }
    },
    {
      "name": "Play",
      "pageSourceFile":"src/main/ets/pages/Play.ets",
      "buildFunction": "PlayBuilder",
      "data": {
        "description": "this is Play"
      }
    }
  ]
}